Customer_ID,Customer_Name,Customer_Type,Customer_Segment,Industry,Sales_Region,Region_ID,Country,State,City,Parent_Customer,Account_Manager
C00001,Customer 1,Retail,Enterprise,Restaurants,Midwest,R01,USA,MO,Kansas City,,Sales Rep 1
C00002,Customer 2,Distributor,Mid-Market,Retail,Midwest,R01,USA,IL,Chicago,,Sales Rep 2
C00003,Customer 3,Food Service,SMB,Hospitality,Northeast,R02,USA,NY,New York,,Sales Rep 3
C00004,Customer 4,Wholesale,Enterprise,Distribution,Northeast,R02,USA,MA,Boston,,Sales Rep 4
C00005,Customer 5,Retail,Mid-Market,Restaurants,South,R03,USA,TX,Dallas,Parent 1,Sales Rep 5
C00006,Customer 6,Distributor,SMB,Retail,South,R03,USA,GA,Atlanta,,Sales Rep 6
C00007,Customer 7,Food Service,Enterprise,Hospitality,West,R04,USA,CA,Los Angeles,,Sales Rep 7
C00008,Customer 8,Wholesale,Mid-Market,Distribution,West,R04,USA,WA,Seattle,,Sales Rep 8
C00009,Customer 9,Retail,SMB,Restaurants,Midwest,R01,USA,MO,Kansas City,,Sales Rep 9
C00010,Customer 10,Distributor,Enterprise,Retail,Midwest,R01,USA,IL,Chicago,Parent 1,Sales Rep 10
C00011,Customer 11,Food Service,Mid-Market,Hospitality,Northeast,R02,USA,NY,New York,,Sales Rep 11
C00012,Customer 12,Wholesale,SMB,Distribution,Northeast,R02,USA,MA,Boston,,Sales Rep 12
C00013,Customer 13,Retail,Enterprise,Restaurants,South,R03,USA,TX,Dallas,,Sales Rep 13
C00014,Customer 14,Distributor,Mid-Market,Retail,South,R03,USA,GA,Atlanta,,Sales Rep 14
C00015,Customer 15,Food Service,SMB,Hospitality,West,R04,USA,CA,Los Angeles,Parent 2,Sales Rep 15
C00016,Customer 16,Wholesale,Enterprise,Distribution,West,R04,USA,WA,Seattle,,Sales Rep 16
C00017,Customer 17,Retail,Mid-Market,Restaurants,Midwest,R01,USA,MO,Kansas City,,Sales Rep 17
C00018,Customer 18,Distributor,SMB,Retail,Midwest,R01,USA,IL,Chicago,,Sales Rep 18
C00019,Customer 19,Food Service,Enterprise,Hospitality,Northeast,R02,USA,NY,New York,,Sales Rep 19
C00020,Customer 20,Wholesale,Mid-Market,Distribution,Northeast,R02,USA,MA,Boston,Parent 2,Sales Rep 20
C00021,Customer 21,Retail,SMB,Restaurants,South,R03,USA,TX,Dallas,,Sales Rep 21
C00022,Customer 22,Distributor,Enterprise,Retail,South,R03,USA,GA,Atlanta,,Sales Rep 22
C00023,Customer 23,Food Service,Mid-Market,Hospitality,West,R04,USA,CA,Los Angeles,,Sales Rep 23
C00024,Customer 24,Wholesale,SMB,Distribution,West,R04,USA,WA,Seattle,,Sales Rep 24
C00025,Customer 25,Retail,Enterprise,Restaurants,Midwest,R01,USA,MO,Kansas City,Parent 3,Sales Rep 25
C00026,Customer 26,Distributor,Mid-Market,Retail,Midwest,R01,USA,IL,Chicago,,Sales Rep 26
C00027,Customer 27,Food Service,SMB,Hospitality,Northeast,R02,USA,NY,New York,,Sales Rep 27
C00028,Customer 28,Wholesale,Enterprise,Distribution,Northeast,R02,USA,MA,Boston,,Sales Rep 28
C00029,Customer 29,Retail,Mid-Market,Restaurants,South,R03,USA,TX,Dallas,,Sales Rep 29
C00030,Customer 30,Distributor,SMB,Retail,South,R03,USA,GA,Atlanta,Parent 3,Sales Rep 30
C00031,Customer 31,Food Service,Enterprise,Hospitality,West,R04,USA,CA,Los Angeles,,Sales Rep 31
C00032,Customer 32,Wholesale,Mid-Market,Distribution,West,R04,USA,WA,Seattle,,Sales Rep 32
C00033,Customer 33,Retail,SMB,Restaurants,Midwest,R01,USA,MO,Kansas City,,Sales Rep 33
C00034,Customer 34,Distributor,Enterprise,Retail,Midwest,R01,USA,IL,Chicago,,Sales Rep 34
C00035,Customer 35,Food Service,Mid-Market,Hospitality,Northeast,R02,USA,NY,New York,Parent 4,Sales Rep 35
C00036,Customer 36,Wholesale,SMB,Distribution,Northeast,R02,USA,MA,Boston,,Sales Rep 36
C00037,Customer 37,Retail,Enterprise,Restaurants,South,R03,USA,TX,Dallas,,Sales Rep 37
C00038,Customer 38,Distributor,Mid-Market,Retail,South,R03,USA,GA,Atlanta,,Sales Rep 38
C00039,Customer 39,Food Service,SMB,Hospitality,West,R04,USA,CA,Los Angeles,,Sales Rep 39
C00040,Customer 40,Wholesale,Enterprise,Distribution,West,R04,USA,WA,Seattle,Parent 4,Sales Rep 40
C00041,Customer 41,Retail,Mid-Market,Restaurants,Midwest,R01,USA,MO,Kansas City,,Sales Rep 1
C00042,Customer 42,Distributor,SMB,Retail,Midwest,R01,USA,IL,Chicago,,Sales Rep 2
C00043,Customer 43,Food Service,Enterprise,Hospitality,Northeast,R02,USA,NY,New York,,Sales Rep 3
C00044,Customer 44,Wholesale,Mid-Market,Distribution,Northeast,R02,USA,MA,Boston,,Sales Rep 4
C00045,Customer 45,Retail,SMB,Restaurants,South,R03,USA,TX,Dallas,Parent 5,Sales Rep 5
C00046,Customer 46,Distributor,Enterprise,Retail,South,R03,USA,GA,Atlanta,,Sales Rep 6
C00047,Customer 47,Food Service,Mid-Market,Hospitality,West,R04,USA,CA,Los Angeles,,Sales Rep 7
C00048,Customer 48,Wholesale,SMB,Distribution,West,R04,USA,WA,Seattle,,Sales Rep 8
C00049,Customer 49,Retail,Enterprise,Restaurants,Midwest,R01,USA,MO,Kansas City,,Sales Rep 9
C00050,Customer 50,Distributor,Mid-Market,Retail,Midwest,R01,USA,IL,Chicago,Parent 5,Sales Rep 10
C00051,Customer 51,Food Service,SMB,Hospitality,Northeast,R02,USA,NY,New York,,Sales Rep 11
C00052,Customer 52,Wholesale,Enterprise,Distribution,Northeast,R02,USA,MA,Boston,,Sales Rep 12
C00053,Customer 53,Retail,Mid-Market,Restaurants,South,R03,USA,TX,Dallas,,Sales Rep 13
C00054,Customer 54,Distributor,SMB,Retail,South,R03,USA,GA,Atlanta,,Sales Rep 14
C00055,Customer 55,Food Service,Enterprise,Hospitality,West,R04,USA,CA,Los Angeles,Parent 6,Sales Rep 15
C00056,Customer 56,Wholesale,Mid-Market,Distribution,West,R04,USA,WA,Seattle,,Sales Rep 16
C00057,Customer 57,Retail,SMB,Restaurants,Midwest,R01,USA,MO,Kansas City,,Sales Rep 17
C00058,Customer 58,Distributor,Enterprise,Retail,Midwest,R01,USA,IL,Chicago,,Sales Rep 18
C00059,Customer 59,Food Service,Mid-Market,Hospitality,Northeast,R02,USA,NY,New York,,Sales Rep 19
C00060,Customer 60,Wholesale,SMB,Distribution,Northeast,R02,USA,MA,Boston,Parent 6,Sales Rep 20
C00061,Customer 61,Retail,Enterprise,Restaurants,South,R03,USA,TX,Dallas,,Sales Rep 21
C00062,Customer 62,Distributor,Mid-Market,Retail,South,R03,USA,GA,Atlanta,,Sales Rep 22
C00063,Customer 63,Food Service,SMB,Hospitality,West,R04,USA,CA,Los Angeles,,Sales Rep 23
C00064,Customer 64,Wholesale,Enterprise,Distribution,West,R04,USA,WA,Seattle,,Sales Rep 24
C00065,Customer 65,Retail,Mid-Market,Restaurants,Midwest,R01,USA,MO,Kansas City,Parent 7,Sales Rep 25
C00066,Customer 66,Distributor,SMB,Retail,Midwest,R01,USA,IL,Chicago,,Sales Rep 26
C00067,Customer 67,Food Service,Enterprise,Hospitality,Northeast,R02,USA,NY,New York,,Sales Rep 27
C00068,Customer 68,Wholesale,Mid-Market,Distribution,Northeast,R02,USA,MA,Boston,,Sales Rep 28
C00069,Customer 69,Retail,SMB,Restaurants,South,R03,USA,TX,Dallas,,Sales Rep 29
C00070,Customer 70,Distributor,Enterprise,Retail,South,R03,USA,GA,Atlanta,Parent 7,Sales Rep 30
C00071,Customer 71,Food Service,Mid-Market,Hospitality,West,R04,USA,CA,Los Angeles,,Sales Rep 31
C00072,Customer 72,Wholesale,SMB,Distribution,West,R04,USA,WA,Seattle,,Sales Rep 32
C00073,Customer 73,Retail,Enterprise,Restaurants,Midwest,R01,USA,MO,Kansas City,,Sales Rep 33
C00074,Customer 74,Distributor,Mid-Market,Retail,Midwest,R01,USA,IL,Chicago,,Sales Rep 34
C00075,Customer 75,Food Service,SMB,Hospitality,Northeast,R02,USA,NY,New York,Parent 8,Sales Rep 35
C00076,Customer 76,Wholesale,Enterprise,Distribution,Northeast,R02,USA,MA,Boston,,Sales Rep 36
C00077,Customer 77,Retail,Mid-Market,Restaurants,South,R03,USA,TX,Dallas,,Sales Rep 37
C00078,Customer 78,Distributor,SMB,Retail,South,R03,USA,GA,Atlanta,,Sales Rep 38
C00079,Customer 79,Food Service,Enterprise,Hospitality,West,R04,USA,CA,Los Angeles,,Sales Rep 39
C00080,Customer 80,Wholesale,Mid-Market,Distribution,West,R04,USA,WA,Seattle,Parent 8,Sales Rep 40
C00081,Customer 81,Retail,SMB,Restaurants,Midwest,R01,USA,MO,Kansas City,,Sales Rep 1
C00082,Customer 82,Distributor,Enterprise,Retail,Midwest,R01,USA,IL,Chicago,,Sales Rep 2
C00083,Customer 83,Food Service,Mid-Market,Hospitality,Northeast,R02,USA,NY,New York,,Sales Rep 3
C00084,Customer 84,Wholesale,SMB,Distribution,Northeast,R02,USA,MA,Boston,,Sales Rep 4
C00085,Customer 85,Retail,Enterprise,Restaurants,South,R03,USA,TX,Dallas,Parent 9,Sales Rep 5
C00086,Customer 86,Distributor,Mid-Market,Retail,South,R03,USA,GA,Atlanta,,Sales Rep 6
C00087,Customer 87,Food Service,SMB,Hospitality,West,R04,USA,CA,Los Angeles,,Sales Rep 7
C00088,Customer 88,Wholesale,Enterprise,Distribution,West,R04,USA,WA,Seattle,,Sales Rep 8
C00089,Customer 89,Retail,Mid-Market,Restaurants,Midwest,R01,USA,MO,Kansas City,,Sales Rep 9
C00090,Customer 90,Distributor,SMB,Retail,Midwest,R01,USA,IL,Chicago,Parent 9,Sales Rep 10
C00091,Customer 91,Food Service,Enterprise,Hospitality,Northeast,R02,USA,NY,New York,,Sales Rep 11
C00092,Customer 92,Wholesale,Mid-Market,Distribution,Northeast,R02,USA,MA,Boston,,Sales Rep 12
C00093,Customer 93,Retail,SMB,Restaurants,South,R03,USA,TX,Dallas,,Sales Rep 13
C00094,Customer 94,Distributor,Enterprise,Retail,South,R03,USA,GA,Atlanta,,Sales Rep 14
C00095,Customer 95,Food Service,Mid-Market,Hospitality,West,R04,USA,CA,Los Angeles,Parent 10,Sales Rep 15
C00096,Customer 96,Wholesale,SMB,Distribution,West,R04,USA,WA,Seattle,,Sales Rep 16
C00097,Customer 97,Retail,Enterprise,Restaurants,Midwest,R01,USA,MO,Kansas City,,Sales Rep 17
C00098,Customer 98,Distributor,Mid-Market,Retail,Midwest,R01,USA,IL,Chicago,,Sales Rep 18
C00099,Customer 99,Food Service,SMB,Hospitality,Northeast,R02,USA,NY,New York,,Sales Rep 19
C00100,Customer 100,Wholesale,Enterprise,Distribution,Northeast,R02,USA,MA,Boston,Parent 10,Sales Rep 20
C00101,Customer 101,Retail,Mid-Market,Restaurants,South,R03,USA,TX,Dallas,,Sales Rep 21
C00102,Customer 102,Distributor,SMB,Retail,South,R03,USA,GA,Atlanta,,Sales Rep 22
C00103,Customer 103,Food Service,Enterprise,Hospitality,West,R04,USA,CA,Los Angeles,,Sales Rep 23
C00104,Customer 104,Wholesale,Mid-Market,Distribution,West,R04,USA,WA,Seattle,,Sales Rep 24
C00105,Customer 105,Retail,SMB,Restaurants,Midwest,R01,USA,MO,Kansas City,Parent 11,Sales Rep 25
C00106,Customer 106,Distributor,Enterprise,Retail,Midwest,R01,USA,IL,Chicago,,Sales Rep 26
C00107,Customer 107,Food Service,Mid-Market,Hospitality,Northeast,R02,USA,NY,New York,,Sales Rep 27
C00108,Customer 108,Wholesale,SMB,Distribution,Northeast,R02,USA,MA,Boston,,Sales Rep 28
C00109,Customer 109,Retail,Enterprise,Restaurants,South,R03,USA,TX,Dallas,,Sales Rep 29
C00110,Customer 110,Distributor,Mid-Market,Retail,South,R03,USA,GA,Atlanta,Parent 11,Sales Rep 30
C00111,Customer 111,Food Service,SMB,Hospitality,West,R04,USA,CA,Los Angeles,,Sales Rep 31
C00112,Customer 112,Wholesale,Enterprise,Distribution,West,R04,USA,WA,Seattle,,Sales Rep 32
C00113,Customer 113,Retail,Mid-Market,Restaurants,Midwest,R01,USA,MO,Kansas City,,Sales Rep 33
C00114,Customer 114,Distributor,SMB,Retail,Midwest,R01,USA,IL,Chicago,,Sales Rep 34
C00115,Customer 115,Food Service,Enterprise,Hospitality,Northeast,R02,USA,NY,New York,Parent 12,Sales Rep 35
C00116,Customer 116,Wholesale,Mid-Market,Distribution,Northeast,R02,USA,MA,Boston,,Sales Rep 36
C00117,Customer 117,Retail,SMB,Restaurants,South,R03,USA,TX,Dallas,,Sales Rep 37
C00118,Customer 118,Distributor,Enterprise,Retail,South,R03,USA,GA,Atlanta,,Sales Rep 38
C00119,Customer 119,Food Service,Mid-Market,Hospitality,West,R04,USA,CA,Los Angeles,,Sales Rep 39
C00120,Customer 120,Wholesale,SMB,Distribution,West,R04,USA,WA,Seattle,Parent 12,Sales Rep 40
C00121,Customer 121,Retail,Enterprise,Restaurants,Midwest,R01,USA,MO,Kansas City,,Sales Rep 1
C00122,Customer 122,Distributor,Mid-Market,Retail,Midwest,R01,USA,IL,Chicago,,Sales Rep 2
C00123,Customer 123,Food Service,SMB,Hospitality,Northeast,R02,USA,NY,New York,,Sales Rep 3
C00124,Customer 124,Wholesale,Enterprise,Distribution,Northeast,R02,USA,MA,Boston,,Sales Rep 4
C00125,Customer 125,Retail,Mid-Market,Restaurants,South,R03,USA,TX,Dallas,Parent 13,Sales Rep 5
C00126,Customer 126,Distributor,SMB,Retail,South,R03,USA,GA,Atlanta,,Sales Rep 6
C00127,Customer 127,Food Service,Enterprise,Hospitality,West,R04,USA,CA,Los Angeles,,Sales Rep 7
C00128,Customer 128,Wholesale,Mid-Market,Distribution,West,R04,USA,WA,Seattle,,Sales Rep 8
C00129,Customer 129,Retail,SMB,Restaurants,Midwest,R01,USA,MO,Kansas City,,Sales Rep 9
C00130,Customer 130,Distributor,Enterprise,Retail,Midwest,R01,USA,IL,Chicago,Parent 13,Sales Rep 10
C00131,Customer 131,Food Service,Mid-Market,Hospitality,Northeast,R02,USA,NY,New York,,Sales Rep 11
C00132,Customer 132,Wholesale,SMB,Distribution,Northeast,R02,USA,MA,Boston,,Sales Rep 12
C00133,Customer 133,Retail,Enterprise,Restaurants,South,R03,USA,TX,Dallas,,Sales Rep 13
C00134,Customer 134,Distributor,Mid-Market,Retail,South,R03,USA,GA,Atlanta,,Sales Rep 14
C00135,Customer 135,Food Service,SMB,Hospitality,West,R04,USA,CA,Los Angeles,Parent 14,Sales Rep 15
C00136,Customer 136,Wholesale,Enterprise,Distribution,West,R04,USA,WA,Seattle,,Sales Rep 16
C00137,Customer 137,Retail,Mid-Market,Restaurants,Midwest,R01,USA,MO,Kansas City,,Sales Rep 17
C00138,Customer 138,Distributor,SMB,Retail,Midwest,R01,USA,IL,Chicago,,Sales Rep 18
C00139,Customer 139,Food Service,Enterprise,Hospitality,Northeast,R02,USA,NY,New York,,Sales Rep 19
C00140,Customer 140,Wholesale,Mid-Market,Distribution,Northeast,R02,USA,MA,Boston,Parent 14,Sales Rep 20
C00141,Customer 141,Retail,SMB,Restaurants,South,R03,USA,TX,Dallas,,Sales Rep 21
C00142,Customer 142,Distributor,Enterprise,Retail,South,R03,USA,GA,Atlanta,,Sales Rep 22
C00143,Customer 143,Food Service,Mid-Market,Hospitality,West,R04,USA,CA,Los Angeles,,Sales Rep 23
C00144,Customer 144,Wholesale,SMB,Distribution,West,R04,USA,WA,Seattle,,Sales Rep 24
C00145,Customer 145,Retail,Enterprise,Restaurants,Midwest,R01,USA,MO,Kansas City,Parent 15,Sales Rep 25
C00146,Customer 146,Distributor,Mid-Market,Retail,Midwest,R01,USA,IL,Chicago,,Sales Rep 26
C00147,Customer 147,Food Service,SMB,Hospitality,Northeast,R02,USA,NY,New York,,Sales Rep 27
C00148,Customer 148,Wholesale,Enterprise,Distribution,Northeast,R02,USA,MA,Boston,,Sales Rep 28
C00149,Customer 149,Retail,Mid-Market,Restaurants,South,R03,USA,TX,Dallas,,Sales Rep 29
C00150,Customer 150,Distributor,SMB,Retail,South,R03,USA,GA,Atlanta,Parent 15,Sales Rep 30
C00151,Customer 151,Food Service,Enterprise,Hospitality,West,R04,USA,CA,Los Angeles,,Sales Rep 31
C00152,Customer 152,Wholesale,Mid-Market,Distribution,West,R04,USA,WA,Seattle,,Sales Rep 32
C00153,Customer 153,Retail,SMB,Restaurants,Midwest,R01,USA,MO,Kansas City,,Sales Rep 33
C00154,Customer 154,Distributor,Enterprise,Retail,Midwest,R01,USA,IL,Chicago,,Sales Rep 34
C00155,Customer 155,Food Service,Mid-Market,Hospitality,Northeast,R02,USA,NY,New York,Parent 16,Sales Rep 35
C00156,Customer 156,Wholesale,SMB,Distribution,Northeast,R02,USA,MA,Boston,,Sales Rep 36
C00157,Customer 157,Retail,Enterprise,Restaurants,South,R03,USA,TX,Dallas,,Sales Rep 37
C00158,Customer 158,Distributor,Mid-Market,Retail,South,R03,USA,GA,Atlanta,,Sales Rep 38
C00159,Customer 159,Food Service,SMB,Hospitality,West,R04,USA,CA,Los Angeles,,Sales Rep 39
C00160,Customer 160,Wholesale,Enterprise,Distribution,West,R04,USA,WA,Seattle,Parent 16,Sales Rep 40
C00161,Customer 161,Retail,Mid-Market,Restaurants,Midwest,R01,USA,MO,Kansas City,,Sales Rep 1
C00162,Customer 162,Distributor,SMB,Retail,Midwest,R01,USA,IL,Chicago,,Sales Rep 2
C00163,Customer 163,Food Service,Enterprise,Hospitality,Northeast,R02,USA,NY,New York,,Sales Rep 3
C00164,Customer 164,Wholesale,Mid-Market,Distribution,Northeast,R02,USA,MA,Boston,,Sales Rep 4
C00165,Customer 165,Retail,SMB,Restaurants,South,R03,USA,TX,Dallas,Parent 17,Sales Rep 5
C00166,Customer 166,Distributor,Enterprise,Retail,South,R03,USA,GA,Atlanta,,Sales Rep 6
C00167,Customer 167,Food Service,Mid-Market,Hospitality,West,R04,USA,CA,Los Angeles,,Sales Rep 7
C00168,Customer 168,Wholesale,SMB,Distribution,West,R04,USA,WA,Seattle,,Sales Rep 8
C00169,Customer 169,Retail,Enterprise,Restaurants,Midwest,R01,USA,MO,Kansas City,,Sales Rep 9
C00170,Customer 170,Distributor,Mid-Market,Retail,Midwest,R01,USA,IL,Chicago,Parent 17,Sales Rep 10
C00171,Customer 171,Food Service,SMB,Hospitality,Northeast,R02,USA,NY,New York,,Sales Rep 11
C00172,Customer 172,Wholesale,Enterprise,Distribution,Northeast,R02,USA,MA,Boston,,Sales Rep 12
C00173,Customer 173,Retail,Mid-Market,Restaurants,South,R03,USA,TX,Dallas,,Sales Rep 13
C00174,Customer 174,Distributor,SMB,Retail,South,R03,USA,GA,Atlanta,,Sales Rep 14
C00175,Customer 175,Food Service,Enterprise,Hospitality,West,R04,USA,CA,Los Angeles,Parent 18,Sales Rep 15
C00176,Customer 176,Wholesale,Mid-Market,Distribution,West,R04,USA,WA,Seattle,,Sales Rep 16
C00177,Customer 177,Retail,SMB,Restaurants,Midwest,R01,USA,MO,Kansas City,,Sales Rep 17
C00178,Customer 178,Distributor,Enterprise,Retail,Midwest,R01,USA,IL,Chicago,,Sales Rep 18
C00179,Customer 179,Food Service,Mid-Market,Hospitality,Northeast,R02,USA,NY,New York,,Sales Rep 19
C00180,Customer 180,Wholesale,SMB,Distribution,Northeast,R02,USA,MA,Boston,Parent 18,Sales Rep 20
C00181,Customer 181,Retail,Enterprise,Restaurants,South,R03,USA,TX,Dallas,,Sales Rep 21
C00182,Customer 182,Distributor,Mid-Market,Retail,South,R03,USA,GA,Atlanta,,Sales Rep 22
C00183,Customer 183,Food Service,SMB,Hospitality,West,R04,USA,CA,Los Angeles,,Sales Rep 23
C00184,Customer 184,Wholesale,Enterprise,Distribution,West,R04,USA,WA,Seattle,,Sales Rep 24
C00185,Customer 185,Retail,Mid-Market,Restaurants,Midwest,R01,USA,MO,Kansas City,Parent 19,Sales Rep 25
C00186,Customer 186,Distributor,SMB,Retail,Midwest,R01,USA,IL,Chicago,,Sales Rep 26
C00187,Customer 187,Food Service,Enterprise,Hospitality,Northeast,R02,USA,NY,New York,,Sales Rep 27
C00188,Customer 188,Wholesale,Mid-Market,Distribution,Northeast,R02,USA,MA,Boston,,Sales Rep 28
C00189,Customer 189,Retail,SMB,Restaurants,South,R03,USA,TX,Dallas,,Sales Rep 29
C00190,Customer 190,Distributor,Enterprise,Retail,South,R03,USA,GA,Atlanta,Parent 19,Sales Rep 30
C00191,Customer 191,Food Service,Mid-Market,Hospitality,West,R04,USA,CA,Los Angeles,,Sales Rep 31
C00192,Customer 192,Wholesale,SMB,Distribution,West,R04,USA,WA,Seattle,,Sales Rep 32
C00193,Customer 193,Retail,Enterprise,Restaurants,Midwest,R01,USA,MO,Kansas City,,Sales Rep 33
C00194,Customer 194,Distributor,Mid-Market,Retail,Midwest,R01,USA,IL,Chicago,,Sales Rep 34
C00195,Customer 195,Food Service,SMB,Hospitality,Northeast,R02,USA,NY,New York,Parent 20,Sales Rep 35
C00196,Customer 196,Wholesale,Enterprise,Distribution,Northeast,R02,USA,MA,Boston,,Sales Rep 36
C00197,Customer 197,Retail,Mid-Market,Restaurants,South,R03,USA,TX,Dallas,,Sales Rep 37
C00198,Customer 198,Distributor,SMB,Retail,South,R03,USA,GA,Atlanta,,Sales Rep 38
C00199,Customer 199,Food Service,Enterprise,Hospitality,West,R04,USA,CA,Los Angeles,,Sales Rep 39
C00200,Customer 200,Wholesale,Mid-Market,Distribution,West,R04,USA,WA,Seattle,Parent 20,Sales Rep 40
C00201,Customer 201,Retail,SMB,Restaurants,Midwest,R01,USA,MO,Kansas City,,Sales Rep 1
C00202,Customer 202,Distributor,Enterprise,Retail,Midwest,R01,USA,IL,Chicago,,Sales Rep 2
C00203,Customer 203,Food Service,Mid-Market,Hospitality,Northeast,R02,USA,NY,New York,,Sales Rep 3
C00204,Customer 204,Wholesale,SMB,Distribution,Northeast,R02,USA,MA,Boston,,Sales Rep 4
C00205,Customer 205,Retail,Enterprise,Restaurants,South,R03,USA,TX,Dallas,Parent 21,Sales Rep 5
C00206,Customer 206,Distributor,Mid-Market,Retail,South,R03,USA,GA,Atlanta,,Sales Rep 6
C00207,Customer 207,Food Service,SMB,Hospitality,West,R04,USA,CA,Los Angeles,,Sales Rep 7
C00208,Customer 208,Wholesale,Enterprise,Distribution,West,R04,USA,WA,Seattle,,Sales Rep 8
C00209,Customer 209,Retail,Mid-Market,Restaurants,Midwest,R01,USA,MO,Kansas City,,Sales Rep 9
C00210,Customer 210,Distributor,SMB,Retail,Midwest,R01,USA,IL,Chicago,Parent 21,Sales Rep 10
C00211,Customer 211,Food Service,Enterprise,Hospitality,Northeast,R02,USA,NY,New York,,Sales Rep 11
C00212,Customer 212,Wholesale,Mid-Market,Distribution,Northeast,R02,USA,MA,Boston,,Sales Rep 12
C00213,Customer 213,Retail,SMB,Restaurants,South,R03,USA,TX,Dallas,,Sales Rep 13
C00214,Customer 214,Distributor,Enterprise,Retail,South,R03,USA,GA,Atlanta,,Sales Rep 14
C00215,Customer 215,Food Service,Mid-Market,Hospitality,West,R04,USA,CA,Los Angeles,Parent 22,Sales Rep 15
C00216,Customer 216,Wholesale,SMB,Distribution,West,R04,USA,WA,Seattle,,Sales Rep 16
C00217,Customer 217,Retail,Enterprise,Restaurants,Midwest,R01,USA,MO,Kansas City,,Sales Rep 17
C00218,Customer 218,Distributor,Mid-Market,Retail,Midwest,R01,USA,IL,Chicago,,Sales Rep 18
C00219,Customer 219,Food Service,SMB,Hospitality,Northeast,R02,USA,NY,New York,,Sales Rep 19
C00220,Customer 220,Wholesale,Enterprise,Distribution,Northeast,R02,USA,MA,Boston,Parent 22,Sales Rep 20
C00221,Customer 221,Retail,Mid-Market,Restaurants,South,R03,USA,TX,Dallas,,Sales Rep 21
C00222,Customer 222,Distributor,SMB,Retail,South,R03,USA,GA,Atlanta,,Sales Rep 22
C00223,Customer 223,Food Service,Enterprise,Hospitality,West,R04,USA,CA,Los Angeles,,Sales Rep 23
C00224,Customer 224,Wholesale,Mid-Market,Distribution,West,R04,USA,WA,Seattle,,Sales Rep 24
C00225,Customer 225,Retail,SMB,Restaurants,Midwest,R01,USA,MO,Kansas City,Parent 23,Sales Rep 25
C00226,Customer 226,Distributor,Enterprise,Retail,Midwest,R01,USA,IL,Chicago,,Sales Rep 26
C00227,Customer 227,Food Service,Mid-Market,Hospitality,Northeast,R02,USA,NY,New York,,Sales Rep 27
C00228,Customer 228,Wholesale,SMB,Distribution,Northeast,R02,USA,MA,Boston,,Sales Rep 28
C00229,Customer 229,Retail,Enterprise,Restaurants,South,R03,USA,TX,Dallas,,Sales Rep 29
C00230,Customer 230,Distributor,Mid-Market,Retail,South,R03,USA,GA,Atlanta,Parent 23,Sales Rep 30
C00231,Customer 231,Food Service,SMB,Hospitality,West,R04,USA,CA,Los Angeles,,Sales Rep 31
C00232,Customer 232,Wholesale,Enterprise,Distribution,West,R04,USA,WA,Seattle,,Sales Rep 32
C00233,Customer 233,Retail,Mid-Market,Restaurants,Midwest,R01,USA,MO,Kansas City,,Sales Rep 33
C00234,Customer 234,Distributor,SMB,Retail,Midwest,R01,USA,IL,Chicago,,Sales Rep 34
C00235,Customer 235,Food Service,Enterprise,Hospitality,Northeast,R02,USA,NY,New York,Parent 24,Sales Rep 35
C00236,Customer 236,Wholesale,Mid-Market,Distribution,Northeast,R02,USA,MA,Boston,,Sales Rep 36
C00237,Customer 237,Retail,SMB,Restaurants,South,R03,USA,TX,Dallas,,Sales Rep 37
C00238,Customer 238,Distributor,Enterprise,Retail,South,R03,USA,GA,Atlanta,,Sales Rep 38
C00239,Customer 239,Food Service,Mid-Market,Hospitality,West,R04,USA,CA,Los Angeles,,Sales Rep 39
C00240,Customer 240,Wholesale,SMB,Distribution,West,R04,USA,WA,Seattle,Parent 24,Sales Rep 40
C00241,Customer 241,Retail,Enterprise,Restaurants,Midwest,R01,USA,MO,Kansas City,,Sales Rep 1
C00242,Customer 242,Distributor,Mid-Market,Retail,Midwest,R01,USA,IL,Chicago,,Sales Rep 2
C00243,Customer 243,Food Service,SMB,Hospitality,Northeast,R02,USA,NY,New York,,Sales Rep 3
C00244,Customer 244,Wholesale,Enterprise,Distribution,Northeast,R02,USA,MA,Boston,,Sales Rep 4
C00245,Customer 245,Retail,Mid-Market,Restaurants,South,R03,USA,TX,Dallas,Parent 25,Sales Rep 5
C00246,Customer 246,Distributor,SMB,Retail,South,R03,USA,GA,Atlanta,,Sales Rep 6
C00247,Customer 247,Food Service,Enterprise,Hospitality,West,R04,USA,CA,Los Angeles,,Sales Rep 7
C00248,Customer 248,Wholesale,Mid-Market,Distribution,West,R04,USA,WA,Seattle,,Sales Rep 8
C00249,Customer 249,Retail,SMB,Restaurants,Midwest,R01,USA,MO,Kansas City,,Sales Rep 9
C00250,Customer 250,Distributor,Enterprise,Retail,Midwest,R01,USA,IL,Chicago,Parent 25,Sales Rep 10
C00251,Customer 251,Food Service,Mid-Market,Hospitality,Northeast,R02,USA,NY,New York,,Sales Rep 11
C00252,Customer 252,Wholesale,SMB,Distribution,Northeast,R02,USA,MA,Boston,,Sales Rep 12
C00253,Customer 253,Retail,Enterprise,Restaurants,South,R03,USA,TX,Dallas,,Sales Rep 13
C00254,Customer 254,Distributor,Mid-Market,Retail,South,R03,USA,GA,Atlanta,,Sales Rep 14
C00255,Customer 255,Food Service,SMB,Hospitality,West,R04,USA,CA,Los Angeles,Parent 26,Sales Rep 15
C00256,Customer 256,Wholesale,Enterprise,Distribution,West,R04,USA,WA,Seattle,,Sales Rep 16
C00257,Customer 257,Retail,Mid-Market,Restaurants,Midwest,R01,USA,MO,Kansas City,,Sales Rep 17
C00258,Customer 258,Distributor,SMB,Retail,Midwest,R01,USA,IL,Chicago,,Sales Rep 18
C00259,Customer 259,Food Service,Enterprise,Hospitality,Northeast,R02,USA,NY,New York,,Sales Rep 19
C00260,Customer 260,Wholesale,Mid-Market,Distribution,Northeast,R02,USA,MA,Boston,Parent 26,Sales Rep 20
C00261,Customer 261,Retail,SMB,Restaurants,South,R03,USA,TX,Dallas,,Sales Rep 21
C00262,Customer 262,Distributor,Enterprise,Retail,South,R03,USA,GA,Atlanta,,Sales Rep 22
C00263,Customer 263,Food Service,Mid-Market,Hospitality,West,R04,USA,CA,Los Angeles,,Sales Rep 23
C00264,Customer 264,Wholesale,SMB,Distribution,West,R04,USA,WA,Seattle,,Sales Rep 24
C00265,Customer 265,Retail,Enterprise,Restaurants,Midwest,R01,USA,MO,Kansas City,Parent 27,Sales Rep 25
C00266,Customer 266,Distributor,Mid-Market,Retail,Midwest,R01,USA,IL,Chicago,,Sales Rep 26
C00267,Customer 267,Food Service,SMB,Hospitality,Northeast,R02,USA,NY,New York,,Sales Rep 27
C00268,Customer 268,Wholesale,Enterprise,Distribution,Northeast,R02,USA,MA,Boston,,Sales Rep 28
C00269,Customer 269,Retail,Mid-Market,Restaurants,South,R03,USA,TX,Dallas,,Sales Rep 29
C00270,Customer 270,Distributor,SMB,Retail,South,R03,USA,GA,Atlanta,Parent 27,Sales Rep 30
C00271,Customer 271,Food Service,Enterprise,Hospitality,West,R04,USA,CA,Los Angeles,,Sales Rep 31
C00272,Customer 272,Wholesale,Mid-Market,Distribution,West,R04,USA,WA,Seattle,,Sales Rep 32
C00273,Customer 273,Retail,SMB,Restaurants,Midwest,R01,USA,MO,Kansas City,,Sales Rep 33
C00274,Customer 274,Distributor,Enterprise,Retail,Midwest,R01,USA,IL,Chicago,,Sales Rep 34
C00275,Customer 275,Food Service,Mid-Market,Hospitality,Northeast,R02,USA,NY,New York,Parent 28,Sales Rep 35
C00276,Customer 276,Wholesale,SMB,Distribution,Northeast,R02,USA,MA,Boston,,Sales Rep 36
C00277,Customer 277,Retail,Enterprise,Restaurants,South,R03,USA,TX,Dallas,,Sales Rep 37
C00278,Customer 278,Distributor,Mid-Market,Retail,South,R03,USA,GA,Atlanta,,Sales Rep 38
C00279,Customer 279,Food Service,SMB,Hospitality,West,R04,USA,CA,Los Angeles,,Sales Rep 39
C00280,Customer 280,Wholesale,Enterprise,Distribution,West,R04,USA,WA,Seattle,Parent 28,Sales Rep 40
C00281,Customer 281,Retail,Mid-Market,Restaurants,Midwest,R01,USA,MO,Kansas City,,Sales Rep 1
C00282,Customer 282,Distributor,SMB,Retail,Midwest,R01,USA,IL,Chicago,,Sales Rep 2
C00283,Customer 283,Food Service,Enterprise,Hospitality,Northeast,R02,USA,NY,New York,,Sales Rep 3
C00284,Customer 284,Wholesale,Mid-Market,Distribution,Northeast,R02,USA,MA,Boston,,Sales Rep 4
C00285,Customer 285,Retail,SMB,Restaurants,South,R03,USA,TX,Dallas,Parent 29,Sales Rep 5
C00286,Customer 286,Distributor,Enterprise,Retail,South,R03,USA,GA,Atlanta,,Sales Rep 6
C00287,Customer 287,Food Service,Mid-Market,Hospitality,West,R04,USA,CA,Los Angeles,,Sales Rep 7
C00288,Customer 288,Wholesale,SMB,Distribution,West,R04,USA,WA,Seattle,,Sales Rep 8
C00289,Customer 289,Retail,Enterprise,Restaurants,Midwest,R01,USA,MO,Kansas City,,Sales Rep 9
C00290,Customer 290,Distributor,Mid-Market,Retail,Midwest,R01,USA,IL,Chicago,Parent 29,Sales Rep 10
C00291,Customer 291,Food Service,SMB,Hospitality,Northeast,R02,USA,NY,New York,,Sales Rep 11
C00292,Customer 292,Wholesale,Enterprise,Distribution,Northeast,R02,USA,MA,Boston,,Sales Rep 12
C00293,Customer 293,Retail,Mid-Market,Restaurants,South,R03,USA,TX,Dallas,,Sales Rep 13
C00294,Customer 294,Distributor,SMB,Retail,South,R03,USA,GA,Atlanta,,Sales Rep 14
C00295,Customer 295,Food Service,Enterprise,Hospitality,West,R04,USA,CA,Los Angeles,Parent 30,Sales Rep 15
C00296,Customer 296,Wholesale,Mid-Market,Distribution,West,R04,USA,WA,Seattle,,Sales Rep 16
C00297,Customer 297,Retail,SMB,Restaurants,Midwest,R01,USA,MO,Kansas City,,Sales Rep 17
C00298,Customer 298,Distributor,Enterprise,Retail,Midwest,R01,USA,IL,Chicago,,Sales Rep 18
C00299,Customer 299,Food Service,Mid-Market,Hospitality,Northeast,R02,USA,NY,New York,,Sales Rep 19
C00300,Customer 300,Wholesale,SMB,Distribution,Northeast,R02,USA,MA,Boston,Parent 30,Sales Rep 20
C00301,Customer 301,Retail,Enterprise,Restaurants,South,R03,USA,TX,Dallas,,Sales Rep 21
C00302,Customer 302,Distributor,Mid-Market,Retail,South,R03,USA,GA,Atlanta,,Sales Rep 22
C00303,Customer 303,Food Service,SMB,Hospitality,West,R04,USA,CA,Los Angeles,,Sales Rep 23
C00304,Customer 304,Wholesale,Enterprise,Distribution,West,R04,USA,WA,Seattle,,Sales Rep 24
C00305,Customer 305,Retail,Mid-Market,Restaurants,Midwest,R01,USA,MO,Kansas City,Parent 31,Sales Rep 25
C00306,Customer 306,Distributor,SMB,Retail,Midwest,R01,USA,IL,Chicago,,Sales Rep 26
C00307,Customer 307,Food Service,Enterprise,Hospitality,Northeast,R02,USA,NY,New York,,Sales Rep 27
C00308,Customer 308,Wholesale,Mid-Market,Distribution,Northeast,R02,USA,MA,Boston,,Sales Rep 28
C00309,Customer 309,Retail,SMB,Restaurants,South,R03,USA,TX,Dallas,,Sales Rep 29
C00310,Customer 310,Distributor,Enterprise,Retail,South,R03,USA,GA,Atlanta,Parent 31,Sales Rep 30
C00311,Customer 311,Food Service,Mid-Market,Hospitality,West,R04,USA,CA,Los Angeles,,Sales Rep 31
C00312,Customer 312,Wholesale,SMB,Distribution,West,R04,USA,WA,Seattle,,Sales Rep 32
C00313,Customer 313,Retail,Enterprise,Restaurants,Midwest,R01,USA,MO,Kansas City,,Sales Rep 33
C00314,Customer 314,Distributor,Mid-Market,Retail,Midwest,R01,USA,IL,Chicago,,Sales Rep 34
C00315,Customer 315,Food Service,SMB,Hospitality,Northeast,R02,USA,NY,New York,Parent 32,Sales Rep 35
C00316,Customer 316,Wholesale,Enterprise,Distribution,Northeast,R02,USA,MA,Boston,,Sales Rep 36
C00317,Customer 317,Retail,Mid-Market,Restaurants,South,R03,USA,TX,Dallas,,Sales Rep 37
C00318,Customer 318,Distributor,SMB,Retail,South,R03,USA,GA,Atlanta,,Sales Rep 38
C00319,Customer 319,Food Service,Enterprise,Hospitality,West,R04,USA,CA,Los Angeles,,Sales Rep 39
C00320,Customer 320,Wholesale,Mid-Market,Distribution,West,R04,USA,WA,Seattle,Parent 32,Sales Rep 40
C00321,Customer 321,Retail,SMB,Restaurants,Midwest,R01,USA,MO,Kansas City,,Sales Rep 1
C00322,Customer 322,Distributor,Enterprise,Retail,Midwest,R01,USA,IL,Chicago,,Sales Rep 2
C00323,Customer 323,Food Service,Mid-Market,Hospitality,Northeast,R02,USA,NY,New York,,Sales Rep 3
C00324,Customer 324,Wholesale,SMB,Distribution,Northeast,R02,USA,MA,Boston,,Sales Rep 4
C00325,Customer 325,Retail,Enterprise,Restaurants,South,R03,USA,TX,Dallas,Parent 33,Sales Rep 5
C00326,Customer 326,Distributor,Mid-Market,Retail,South,R03,USA,GA,Atlanta,,Sales Rep 6
C00327,Customer 327,Food Service,SMB,Hospitality,West,R04,USA,CA,Los Angeles,,Sales Rep 7
C00328,Customer 328,Wholesale,Enterprise,Distribution,West,R04,USA,WA,Seattle,,Sales Rep 8
C00329,Customer 329,Retail,Mid-Market,Restaurants,Midwest,R01,USA,MO,Kansas City,,Sales Rep 9
C00330,Customer 330,Distributor,SMB,Retail,Midwest,R01,USA,IL,Chicago,Parent 33,Sales Rep 10
C00331,Customer 331,Food Service,Enterprise,Hospitality,Northeast,R02,USA,NY,New York,,Sales Rep 11
C00332,Customer 332,Wholesale,Mid-Market,Distribution,Northeast,R02,USA,MA,Boston,,Sales Rep 12
C00333,Customer 333,Retail,SMB,Restaurants,South,R03,USA,TX,Dallas,,Sales Rep 13
C00334,Customer 334,Distributor,Enterprise,Retail,South,R03,USA,GA,Atlanta,,Sales Rep 14
C00335,Customer 335,Food Service,Mid-Market,Hospitality,West,R04,USA,CA,Los Angeles,Parent 34,Sales Rep 15
C00336,Customer 336,Wholesale,SMB,Distribution,West,R04,USA,WA,Seattle,,Sales Rep 16
C00337,Customer 337,Retail,Enterprise,Restaurants,Midwest,R01,USA,MO,Kansas City,,Sales Rep 17
C00338,Customer 338,Distributor,Mid-Market,Retail,Midwest,R01,USA,IL,Chicago,,Sales Rep 18
C00339,Customer 339,Food Service,SMB,Hospitality,Northeast,R02,USA,NY,New York,,Sales Rep 19
C00340,Customer 340,Wholesale,Enterprise,Distribution,Northeast,R02,USA,MA,Boston,Parent 34,Sales Rep 20
C00341,Customer 341,Retail,Mid-Market,Restaurants,South,R03,USA,TX,Dallas,,Sales Rep 21
C00342,Customer 342,Distributor,SMB,Retail,South,R03,USA,GA,Atlanta,,Sales Rep 22
C00343,Customer 343,Food Service,Enterprise,Hospitality,West,R04,USA,CA,Los Angeles,,Sales Rep 23
C00344,Customer 344,Wholesale,Mid-Market,Distribution,West,R04,USA,WA,Seattle,,Sales Rep 24
C00345,Customer 345,Retail,SMB,Restaurants,Midwest,R01,USA,MO,Kansas City,Parent 35,Sales Rep 25
C00346,Customer 346,Distributor,Enterprise,Retail,Midwest,R01,USA,IL,Chicago,,Sales Rep 26
C00347,Customer 347,Food Service,Mid-Market,Hospitality,Northeast,R02,USA,NY,New York,,Sales Rep 27
C00348,Customer 348,Wholesale,SMB,Distribution,Northeast,R02,USA,MA,Boston,,Sales Rep 28
C00349,Customer 349,Retail,Enterprise,Restaurants,South,R03,USA,TX,Dallas,,Sales Rep 29
C00350,Customer 350,Distributor,Mid-Market,Retail,South,R03,USA,GA,Atlanta,Parent 35,Sales Rep 30
C00351,Customer 351,Food Service,SMB,Hospitality,West,R04,USA,CA,Los Angeles,,Sales Rep 31
C00352,Customer 352,Wholesale,Enterprise,Distribution,West,R04,USA,WA,Seattle,,Sales Rep 32
C00353,Customer 353,Retail,Mid-Market,Restaurants,Midwest,R01,USA,MO,Kansas City,,Sales Rep 33
C00354,Customer 354,Distributor,SMB,Retail,Midwest,R01,USA,IL,Chicago,,Sales Rep 34
C00355,Customer 355,Food Service,Enterprise,Hospitality,Northeast,R02,USA,NY,New York,Parent 36,Sales Rep 35
C00356,Customer 356,Wholesale,Mid-Market,Distribution,Northeast,R02,USA,MA,Boston,,Sales Rep 36
C00357,Customer 357,Retail,SMB,Restaurants,South,R03,USA,TX,Dallas,,Sales Rep 37
C00358,Customer 358,Distributor,Enterprise,Retail,South,R03,USA,GA,Atlanta,,Sales Rep 38
C00359,Customer 359,Food Service,Mid-Market,Hospitality,West,R04,USA,CA,Los Angeles,,Sales Rep 39
C00360,Customer 360,Wholesale,SMB,Distribution,West,R04,USA,WA,Seattle,Parent 36,Sales Rep 40
C00361,Customer 361,Retail,Enterprise,Restaurants,Midwest,R01,USA,MO,Kansas City,,Sales Rep 1
C00362,Customer 362,Distributor,Mid-Market,Retail,Midwest,R01,USA,IL,Chicago,,Sales Rep 2
C00363,Customer 363,Food Service,SMB,Hospitality,Northeast,R02,USA,NY,New York,,Sales Rep 3
C00364,Customer 364,Wholesale,Enterprise,Distribution,Northeast,R02,USA,MA,Boston,,Sales Rep 4
C00365,Customer 365,Retail,Mid-Market,Restaurants,South,R03,USA,TX,Dallas,Parent 37,Sales Rep 5
C00366,Customer 366,Distributor,SMB,Retail,South,R03,USA,GA,Atlanta,,Sales Rep 6
C00367,Customer 367,Food Service,Enterprise,Hospitality,West,R04,USA,CA,Los Angeles,,Sales Rep 7
C00368,Customer 368,Wholesale,Mid-Market,Distribution,West,R04,USA,WA,Seattle,,Sales Rep 8
C00369,Customer 369,Retail,SMB,Restaurants,Midwest,R01,USA,MO,Kansas City,,Sales Rep 9
C00370,Customer 370,Distributor,Enterprise,Retail,Midwest,R01,USA,IL,Chicago,Parent 37,Sales Rep 10
C00371,Customer 371,Food Service,Mid-Market,Hospitality,Northeast,R02,USA,NY,New York,,Sales Rep 11
C00372,Customer 372,Wholesale,SMB,Distribution,Northeast,R02,USA,MA,Boston,,Sales Rep 12
C00373,Customer 373,Retail,Enterprise,Restaurants,South,R03,USA,TX,Dallas,,Sales Rep 13
C00374,Customer 374,Distributor,Mid-Market,Retail,South,R03,USA,GA,Atlanta,,Sales Rep 14
C00375,Customer 375,Food Service,SMB,Hospitality,West,R04,USA,CA,Los Angeles,Parent 38,Sales Rep 15
C00376,Customer 376,Wholesale,Enterprise,Distribution,West,R04,USA,WA,Seattle,,Sales Rep 16
C00377,Customer 377,Retail,Mid-Market,Restaurants,Midwest,R01,USA,MO,Kansas City,,Sales Rep 17
C00378,Customer 378,Distributor,SMB,Retail,Midwest,R01,USA,IL,Chicago,,Sales Rep 18
C00379,Customer 379,Food Service,Enterprise,Hospitality,Northeast,R02,USA,NY,New York,,Sales Rep 19
C00380,Customer 380,Wholesale,Mid-Market,Distribution,Northeast,R02,USA,MA,Boston,Parent 38,Sales Rep 20
C00381,Customer 381,Retail,SMB,Restaurants,South,R03,USA,TX,Dallas,,Sales Rep 21
C00382,Customer 382,Distributor,Enterprise,Retail,South,R03,USA,GA,Atlanta,,Sales Rep 22
C00383,Customer 383,Food Service,Mid-Market,Hospitality,West,R04,USA,CA,Los Angeles,,Sales Rep 23
C00384,Customer 384,Wholesale,SMB,Distribution,West,R04,USA,WA,Seattle,,Sales Rep 24
C00385,Customer 385,Retail,Enterprise,Restaurants,Midwest,R01,USA,MO,Kansas City,Parent 39,Sales Rep 25
C00386,Customer 386,Distributor,Mid-Market,Retail,Midwest,R01,USA,IL,Chicago,,Sales Rep 26
C00387,Customer 387,Food Service,SMB,Hospitality,Northeast,R02,USA,NY,New York,,Sales Rep 27
C00388,Customer 388,Wholesale,Enterprise,Distribution,Northeast,R02,USA,MA,Boston,,Sales Rep 28
C00389,Customer 389,Retail,Mid-Market,Restaurants,South,R03,USA,TX,Dallas,,Sales Rep 29
C00390,Customer 390,Distributor,SMB,Retail,South,R03,USA,GA,Atlanta,Parent 39,Sales Rep 30
C00391,Customer 391,Food Service,Enterprise,Hospitality,West,R04,USA,CA,Los Angeles,,Sales Rep 31
C00392,Customer 392,Wholesale,Mid-Market,Distribution,West,R04,USA,WA,Seattle,,Sales Rep 32
C00393,Customer 393,Retail,SMB,Restaurants,Midwest,R01,USA,MO,Kansas City,,Sales Rep 33
C00394,Customer 394,Distributor,Enterprise,Retail,Midwest,R01,USA,IL,Chicago,,Sales Rep 34
C00395,Customer 395,Food Service,Mid-Market,Hospitality,Northeast,R02,USA,NY,New York,Parent 40,Sales Rep 35
C00396,Customer 396,Wholesale,SMB,Distribution,Northeast,R02,USA,MA,Boston,,Sales Rep 36
C00397,Customer 397,Retail,Enterprise,Restaurants,South,R03,USA,TX,Dallas,,Sales Rep 37
C00398,Customer 398,Distributor,Mid-Market,Retail,South,R03,USA,GA,Atlanta,,Sales Rep 38
C00399,Customer 399,Food Service,SMB,Hospitality,West,R04,USA,CA,Los Angeles,,Sales Rep 39
C00400,Customer 400,Wholesale,Enterprise,Distribution,West,R04,USA,WA,Seattle,Parent 40,Sales Rep 40
C00401,Customer 401,Retail,Mid-Market,Restaurants,Midwest,R01,USA,MO,Kansas City,,Sales Rep 1
C00402,Customer 402,Distributor,SMB,Retail,Midwest,R01,USA,IL,Chicago,,Sales Rep 2
C00403,Customer 403,Food Service,Enterprise,Hospitality,Northeast,R02,USA,NY,New York,,Sales Rep 3
C00404,Customer 404,Wholesale,Mid-Market,Distribution,Northeast,R02,USA,MA,Boston,,Sales Rep 4
C00405,Customer 405,Retail,SMB,Restaurants,South,R03,USA,TX,Dallas,Parent 41,Sales Rep 5
C00406,Customer 406,Distributor,Enterprise,Retail,South,R03,USA,GA,Atlanta,,Sales Rep 6
C00407,Customer 407,Food Service,Mid-Market,Hospitality,West,R04,USA,CA,Los Angeles,,Sales Rep 7
C00408,Customer 408,Wholesale,SMB,Distribution,West,R04,USA,WA,Seattle,,Sales Rep 8
C00409,Customer 409,Retail,Enterprise,Restaurants,Midwest,R01,USA,MO,Kansas City,,Sales Rep 9
C00410,Customer 410,Distributor,Mid-Market,Retail,Midwest,R01,USA,IL,Chicago,Parent 41,Sales Rep 10
C00411,Customer 411,Food Service,SMB,Hospitality,Northeast,R02,USA,NY,New York,,Sales Rep 11
C00412,Customer 412,Wholesale,Enterprise,Distribution,Northeast,R02,USA,MA,Boston,,Sales Rep 12
C00413,Customer 413,Retail,Mid-Market,Restaurants,South,R03,USA,TX,Dallas,,Sales Rep 13
C00414,Customer 414,Distributor,SMB,Retail,South,R03,USA,GA,Atlanta,,Sales Rep 14
C00415,Customer 415,Food Service,Enterprise,Hospitality,West,R04,USA,CA,Los Angeles,Parent 42,Sales Rep 15
C00416,Customer 416,Wholesale,Mid-Market,Distribution,West,R04,USA,WA,Seattle,,Sales Rep 16
C00417,Customer 417,Retail,SMB,Restaurants,Midwest,R01,USA,MO,Kansas City,,Sales Rep 17
C00418,Customer 418,Distributor,Enterprise,Retail,Midwest,R01,USA,IL,Chicago,,Sales Rep 18
C00419,Customer 419,Food Service,Mid-Market,Hospitality,Northeast,R02,USA,NY,New York,,Sales Rep 19
C00420,Customer 420,Wholesale,SMB,Distribution,Northeast,R02,USA,MA,Boston,Parent 42,Sales Rep 20
C00421,Customer 421,Retail,Enterprise,Restaurants,South,R03,USA,TX,Dallas,,Sales Rep 21
C00422,Customer 422,Distributor,Mid-Market,Retail,South,R03,USA,GA,Atlanta,,Sales Rep 22
C00423,Customer 423,Food Service,SMB,Hospitality,West,R04,USA,CA,Los Angeles,,Sales Rep 23
C00424,Customer 424,Wholesale,Enterprise,Distribution,West,R04,USA,WA,Seattle,,Sales Rep 24
C00425,Customer 425,Retail,Mid-Market,Restaurants,Midwest,R01,USA,MO,Kansas City,Parent 43,Sales Rep 25
C00426,Customer 426,Distributor,SMB,Retail,Midwest,R01,USA,IL,Chicago,,Sales Rep 26
C00427,Customer 427,Food Service,Enterprise,Hospitality,Northeast,R02,USA,NY,New York,,Sales Rep 27
C00428,Customer 428,Wholesale,Mid-Market,Distribution,Northeast,R02,USA,MA,Boston,,Sales Rep 28
C00429,Customer 429,Retail,SMB,Restaurants,South,R03,USA,TX,Dallas,,Sales Rep 29
C00430,Customer 430,Distributor,Enterprise,Retail,South,R03,USA,GA,Atlanta,Parent 43,Sales Rep 30
C00431,Customer 431,Food Service,Mid-Market,Hospitality,West,R04,USA,CA,Los Angeles,,Sales Rep 31
C00432,Customer 432,Wholesale,SMB,Distribution,West,R04,USA,WA,Seattle,,Sales Rep 32
C00433,Customer 433,Retail,Enterprise,Restaurants,Midwest,R01,USA,MO,Kansas City,,Sales Rep 33
C00434,Customer 434,Distributor,Mid-Market,Retail,Midwest,R01,USA,IL,Chicago,,Sales Rep 34
C00435,Customer 435,Food Service,SMB,Hospitality,Northeast,R02,USA,NY,New York,Parent 44,Sales Rep 35
C00436,Customer 436,Wholesale,Enterprise,Distribution,Northeast,R02,USA,MA,Boston,,Sales Rep 36
C00437,Customer 437,Retail,Mid-Market,Restaurants,South,R03,USA,TX,Dallas,,Sales Rep 37
C00438,Customer 438,Distributor,SMB,Retail,South,R03,USA,GA,Atlanta,,Sales Rep 38
C00439,Customer 439,Food Service,Enterprise,Hospitality,West,R04,USA,CA,Los Angeles,,Sales Rep 39
C00440,Customer 440,Wholesale,Mid-Market,Distribution,West,R04,USA,WA,Seattle,Parent 44,Sales Rep 40
C00441,Customer 441,Retail,SMB,Restaurants,Midwest,R01,USA,MO,Kansas City,,Sales Rep 1
C00442,Customer 442,Distributor,Enterprise,Retail,Midwest,R01,USA,IL,Chicago,,Sales Rep 2
C00443,Customer 443,Food Service,Mid-Market,Hospitality,Northeast,R02,USA,NY,New York,,Sales Rep 3
C00444,Customer 444,Wholesale,SMB,Distribution,Northeast,R02,USA,MA,Boston,,Sales Rep 4
C00445,Customer 445,Retail,Enterprise,Restaurants,South,R03,USA,TX,Dallas,Parent 45,Sales Rep 5
C00446,Customer 446,Distributor,Mid-Market,Retail,South,R03,USA,GA,Atlanta,,Sales Rep 6
C00447,Customer 447,Food Service,SMB,Hospitality,West,R04,USA,CA,Los Angeles,,Sales Rep 7
C00448,Customer 448,Wholesale,Enterprise,Distribution,West,R04,USA,WA,Seattle,,Sales Rep 8
C00449,Customer 449,Retail,Mid-Market,Restaurants,Midwest,R01,USA,MO,Kansas City,,Sales Rep 9
C00450,Customer 450,Distributor,SMB,Retail,Midwest,R01,USA,IL,Chicago,Parent 45,Sales Rep 10
C00451,Customer 451,Food Service,Enterprise,Hospitality,Northeast,R02,USA,NY,New York,,Sales Rep 11
C00452,Customer 452,Wholesale,Mid-Market,Distribution,Northeast,R02,USA,MA,Boston,,Sales Rep 12
C00453,Customer 453,Retail,SMB,Restaurants,South,R03,USA,TX,Dallas,,Sales Rep 13
C00454,Customer 454,Distributor,Enterprise,Retail,South,R03,USA,GA,Atlanta,,Sales Rep 14
C00455,Customer 455,Food Service,Mid-Market,Hospitality,West,R04,USA,CA,Los Angeles,Parent 46,Sales Rep 15
C00456,Customer 456,Wholesale,SMB,Distribution,West,R04,USA,WA,Seattle,,Sales Rep 16
C00457,Customer 457,Retail,Enterprise,Restaurants,Midwest,R01,USA,MO,Kansas City,,Sales Rep 17
C00458,Customer 458,Distributor,Mid-Market,Retail,Midwest,R01,USA,IL,Chicago,,Sales Rep 18
C00459,Customer 459,Food Service,SMB,Hospitality,Northeast,R02,USA,NY,New York,,Sales Rep 19
C00460,Customer 460,Wholesale,Enterprise,Distribution,Northeast,R02,USA,MA,Boston,Parent 46,Sales Rep 20
C00461,Customer 461,Retail,Mid-Market,Restaurants,South,R03,USA,TX,Dallas,,Sales Rep 21
C00462,Customer 462,Distributor,SMB,Retail,South,R03,USA,GA,Atlanta,,Sales Rep 22
C00463,Customer 463,Food Service,Enterprise,Hospitality,West,R04,USA,CA,Los Angeles,,Sales Rep 23
C00464,Customer 464,Wholesale,Mid-Market,Distribution,West,R04,USA,WA,Seattle,,Sales Rep 24
C00465,Customer 465,Retail,SMB,Restaurants,Midwest,R01,USA,MO,Kansas City,Parent 47,Sales Rep 25
C00466,Customer 466,Distributor,Enterprise,Retail,Midwest,R01,USA,IL,Chicago,,Sales Rep 26
C00467,Customer 467,Food Service,Mid-Market,Hospitality,Northeast,R02,USA,NY,New York,,Sales Rep 27
C00468,Customer 468,Wholesale,SMB,Distribution,Northeast,R02,USA,MA,Boston,,Sales Rep 28
C00469,Customer 469,Retail,Enterprise,Restaurants,South,R03,USA,TX,Dallas,,Sales Rep 29
C00470,Customer 470,Distributor,Mid-Market,Retail,South,R03,USA,GA,Atlanta,Parent 47,Sales Rep 30
C00471,Customer 471,Food Service,SMB,Hospitality,West,R04,USA,CA,Los Angeles,,Sales Rep 31
C00472,Customer 472,Wholesale,Enterprise,Distribution,West,R04,USA,WA,Seattle,,Sales Rep 32
C00473,Customer 473,Retail,Mid-Market,Restaurants,Midwest,R01,USA,MO,Kansas City,,Sales Rep 33
C00474,Customer 474,Distributor,SMB,Retail,Midwest,R01,USA,IL,Chicago,,Sales Rep 34
C00475,Customer 475,Food Service,Enterprise,Hospitality,Northeast,R02,USA,NY,New York,Parent 48,Sales Rep 35
C00476,Customer 476,Wholesale,Mid-Market,Distribution,Northeast,R02,USA,MA,Boston,,Sales Rep 36
C00477,Customer 477,Retail,SMB,Restaurants,South,R03,USA,TX,Dallas,,Sales Rep 37
C00478,Customer 478,Distributor,Enterprise,Retail,South,R03,USA,GA,Atlanta,,Sales Rep 38
C00479,Customer 479,Food Service,Mid-Market,Hospitality,West,R04,USA,CA,Los Angeles,,Sales Rep 39
C00480,Customer 480,Wholesale,SMB,Distribution,West,R04,USA,WA,Seattle,Parent 48,Sales Rep 40
C00481,Customer 481,Retail,Enterprise,Restaurants,Midwest,R01,USA,MO,Kansas City,,Sales Rep 1
C00482,Customer 482,Distributor,Mid-Market,Retail,Midwest,R01,USA,IL,Chicago,,Sales Rep 2
C00483,Customer 483,Food Service,SMB,Hospitality,Northeast,R02,USA,NY,New York,,Sales Rep 3
C00484,Customer 484,Wholesale,Enterprise,Distribution,Northeast,R02,USA,MA,Boston,,Sales Rep 4
C00485,Customer 485,Retail,Mid-Market,Restaurants,South,R03,USA,TX,Dallas,Parent 49,Sales Rep 5
C00486,Customer 486,Distributor,SMB,Retail,South,R03,USA,GA,Atlanta,,Sales Rep 6
C00487,Customer 487,Food Service,Enterprise,Hospitality,West,R04,USA,CA,Los Angeles,,Sales Rep 7
C00488,Customer 488,Wholesale,Mid-Market,Distribution,West,R04,USA,WA,Seattle,,Sales Rep 8
C00489,Customer 489,Retail,SMB,Restaurants,Midwest,R01,USA,MO,Kansas City,,Sales Rep 9
C00490,Customer 490,Distributor,Enterprise,Retail,Midwest,R01,USA,IL,Chicago,Parent 49,Sales Rep 10
C00491,Customer 491,Food Service,Mid-Market,Hospitality,Northeast,R02,USA,NY,New York,,Sales Rep 11
C00492,Customer 492,Wholesale,SMB,Distribution,Northeast,R02,USA,MA,Boston,,Sales Rep 12
C00493,Customer 493,Retail,Enterprise,Restaurants,South,R03,USA,TX,Dallas,,Sales Rep 13
C00494,Customer 494,Distributor,Mid-Market,Retail,South,R03,USA,GA,Atlanta,,Sales Rep 14
C00495,Customer 495,Food Service,SMB,Hospitality,West,R04,USA,CA,Los Angeles,Parent 50,Sales Rep 15
C00496,Customer 496,Wholesale,Enterprise,Distribution,West,R04,USA,WA,Seattle,,Sales Rep 16
C00497,Customer 497,Retail,Mid-Market,Restaurants,Midwest,R01,USA,MO,Kansas City,,Sales Rep 17
C00498,Customer 498,Distributor,SMB,Retail,Midwest,R01,USA,IL,Chicago,,Sales Rep 18
C00499,Customer 499,Food Service,Enterprise,Hospitality,Northeast,R02,USA,NY,New York,,Sales Rep 19
C00500,Customer 500,Wholesale,Mid-Market,Distribution,Northeast,R02,USA,MA,Boston,Parent 50,Sales Rep 20
