Sales_Rep_ID,Sales_Rep_Name,Sales_Region,Sales_Org,Hire_Date
SR001,Sales Rep 1,Midwest,Sales Org 1,2022-01-01
SR002,Sales Rep 2,Northeast,Sales Org 2,2022-01-01
SR003,Sales Rep 3,South,Sales Org 3,2022-01-01
SR004,Sales Rep 4,West,Sales Org 4,2022-01-01
SR005,Sales Rep 5,Midwest,Sales Org 5,2022-01-01
SR006,Sales Rep 6,Northeast,Sales Org 1,2022-01-01
SR007,Sales Rep 7,South,Sales Org 2,2022-01-01
SR008,Sales Rep 8,West,Sales Org 3,2022-01-01
SR009,Sales Rep 9,Midwest,Sales Org 4,2022-01-01
SR010,Sales Rep 10,Northeast,Sales Org 5,2022-01-01
SR011,Sales Rep 11,South,Sales Org 1,2022-01-01
SR012,Sales Rep 12,West,Sales Org 2,2022-01-01
SR013,Sales Rep 13,Midwest,Sales Org 3,2022-01-01
SR014,Sales Rep 14,Northeast,Sales Org 4,2022-01-01
SR015,Sales Rep 15,South,Sales Org 5,2022-01-01
SR016,Sales Rep 16,West,Sales Org 1,2022-01-01
SR017,Sales Rep 17,Midwest,Sales Org 2,2022-01-01
SR018,Sales Rep 18,Northeast,Sales Org 3,2022-01-01
SR019,Sales Rep 19,South,Sales Org 4,2022-01-01
SR020,Sales Rep 20,West,Sales Org 5,2022-01-01
SR021,Sales Rep 21,Midwest,Sales Org 1,2022-01-01
SR022,Sales Rep 22,Northeast,Sales Org 2,2022-01-01
SR023,Sales Rep 23,South,Sales Org 3,2022-01-01
SR024,Sales Rep 24,West,Sales Org 4,2022-01-01
