Customer_ID,Period,Rebate_Rate,Rebate_Amount,Rebate_Program_ID
C00001,2024-09-01,0.0483,20621.04,RP0001
C00001,2024-10-01,0.0483,19851.84,RP0001
C00001,2024-11-01,0.0483,18404.59,RP0001
C00001,2024-12-01,0.0483,20773.42,RP0001
C00001,2025-01-01,0.0483,20316.83,RP0001
C00001,2025-02-01,0.0483,17609.51,RP0001
C00001,2025-03-01,0.0483,19481.7,RP0001
C00001,2025-04-01,0.0483,26942.43,RP0001
C00001,2025-05-01,0.0483,26006.66,RP0001
C00001,2025-06-01,0.0483,21443.8,RP0001
C00001,2025-07-01,0.0483,26777.24,RP0001
C00001,2025-08-01,0.0483,22805.67,RP0001
C00001,2025-09-01,0.0483,24091.01,RP0001
C00001,2025-10-01,0.0483,17635.56,RP0001
C00001,2025-11-01,0.0483,20784.2,RP0001
C00001,2025-12-01,0.0483,20214.63,RP0001
C00001,2026-01-01,0.0483,17163.6,RP0001
C00001,2026-02-01,0.0483,20979.2,RP0001
C00001,2026-03-01,0.0483,20789.42,RP0001
C00001,2026-04-01,0.0483,17268.8,RP0001
C00001,2026-05-01,0.0483,22303.16,RP0001
C00001,2026-06-01,0.0483,21727.32,RP0001
C00001,2026-07-01,0.0483,26728.22,RP0001
C00001,2026-08-01,0.0483,13159.62,RP0001
C00002,2024-09-01,0.0502,8064.12,RP0002
C00002,2024-10-01,0.0502,8416.08,RP0002
C00002,2024-11-01,0.0502,5968.05,RP0002
C00002,2024-12-01,0.0502,8445.27,RP0002
C00002,2025-01-01,0.0502,6480.56,RP0002
C00002,2025-02-01,0.0502,7180.06,RP0002
C00002,2025-03-01,0.0502,7683.56,RP0002
C00002,2025-04-01,0.0502,9046.85,RP0002
C00002,2025-05-01,0.0502,8899.18,RP0002
C00002,2025-06-01,0.0502,11640.6,RP0002
C00002,2025-07-01,0.0502,10899.83,RP0002
C00002,2025-08-01,0.0502,8753.76,RP0002
C00002,2025-09-01,0.0502,5144.87,RP0002
C00002,2025-10-01,0.0502,7210.96,RP0002
C00002,2025-11-01,0.0502,11393.6,RP0002
C00002,2025-12-01,0.0502,8685.03,RP0002
C00002,2026-01-01,0.0502,8206.53,RP0002
C00002,2026-02-01,0.0502,8498.27,RP0002
C00002,2026-03-01,0.0502,7018.99,RP0002
C00002,2026-04-01,0.0502,5312.08,RP0002
C00002,2026-05-01,0.0502,5947.13,RP0002
C00002,2026-06-01,0.0502,15495.81,RP0002
C00002,2026-07-01,0.0502,12531.18,RP0002
C00002,2026-08-01,0.0502,5708.73,RP0002
C00003,2024-09-01,0.155,12444.19,RP0003
C00003,2024-10-01,0.155,1987.14,RP0003
C00003,2024-11-01,0.155,7611.28,RP0003
C00003,2024-12-01,0.155,9846.92,RP0003
C00003,2025-01-01,0.155,14039.5,RP0003
C00003,2025-02-01,0.155,14005.51,RP0003
C00003,2025-03-01,0.155,18435.08,RP0003
C00003,2025-04-01,0.155,5944.15,RP0003
C00003,2025-05-01,0.155,17126.04,RP0003
C00003,2025-06-01,0.155,12302.6,RP0003
C00003,2025-07-01,0.155,4710.13,RP0003
C00003,2025-08-01,0.155,28956.24,RP0003
C00003,2025-09-01,0.155,6709.62,RP0003
C00003,2025-10-01,0.155,17792.12,RP0003
C00003,2025-11-01,0.155,8606.01,RP0003
C00003,2025-12-01,0.155,14653.63,RP0003
C00003,2026-01-01,0.155,11767.12,RP0003
C00003,2026-02-01,0.155,11134.63,RP0003
C00003,2026-03-01,0.155,12908.83,RP0003
C00003,2026-04-01,0.155,17680.47,RP0003
C00003,2026-05-01,0.155,14494.73,RP0003
C00003,2026-06-01,0.155,13210.88,RP0003
C00003,2026-07-01,0.155,12449.34,RP0003
C00003,2026-08-01,0.155,10601.55,RP0003
C00004,2024-09-01,0.0567,4062.46,RP0004
C00004,2024-10-01,0.0567,2127.79,RP0004
C00004,2024-11-01,0.0567,4229.78,RP0004
C00004,2024-12-01,0.0567,2408.64,RP0004
C00004,2025-01-01,0.0567,4126.35,RP0004
C00004,2025-02-01,0.0567,2554.82,RP0004
C00004,2025-03-01,0.0567,2342.94,RP0004
C00004,2025-04-01,0.0567,4351.66,RP0004
C00004,2025-05-01,0.0567,3290.21,RP0004
C00004,2025-06-01,0.0567,3092.14,RP0004
C00004,2025-07-01,0.0567,7821.22,RP0004
C00004,2025-08-01,0.0567,2388.53,RP0004
C00004,2025-09-01,0.0567,737.3,RP0004
C00004,2025-10-01,0.0567,5456.72,RP0004
C00004,2025-11-01,0.0567,4495.14,RP0004
C00004,2025-12-01,0.0567,529.19,RP0004
C00004,2026-01-01,0.0567,4751.44,RP0004
C00004,2026-02-01,0.0567,6654.16,RP0004
C00004,2026-03-01,0.0567,4149.24,RP0004
C00004,2026-04-01,0.0567,2310.18,RP0004
C00004,2026-05-01,0.0567,3620.36,RP0004
C00004,2026-06-01,0.0567,3228.4,RP0004
C00004,2026-07-01,0.0567,8017.37,RP0004
C00004,2026-08-01,0.0567,1480.68,RP0004
C00005,2024-09-01,0.0501,3223.68,RP0005
C00005,2024-10-01,0.0501,958.9,RP0005
C00005,2024-11-01,0.0501,1796.64,RP0005
C00005,2024-12-01,0.0501,1417.0,RP0005
C00005,2025-01-01,0.0501,2101.22,RP0005
C00005,2025-02-01,0.0501,3537.87,RP0005
C00005,2025-03-01,0.0501,2321.83,RP0005
C00005,2025-04-01,0.0501,3893.96,RP0005
C00005,2025-05-01,0.0501,4049.73,RP0005
C00005,2025-06-01,0.0501,2658.27,RP0005
C00005,2025-07-01,0.0501,3871.96,RP0005
C00005,2025-08-01,0.0501,879.2,RP0005
C00005,2025-09-01,0.0501,859.85,RP0005
C00005,2025-10-01,0.0501,1463.77,RP0005
C00005,2025-11-01,0.0501,1789.99,RP0005
C00005,2025-12-01,0.0501,2271.27,RP0005
C00005,2026-01-01,0.0501,1033.26,RP0005
C00005,2026-02-01,0.0501,1141.72,RP0005
C00005,2026-03-01,0.0501,1414.49,RP0005
C00005,2026-04-01,0.0501,3312.78,RP0005
C00005,2026-05-01,0.0501,3080.44,RP0005
C00005,2026-06-01,0.0501,2673.67,RP0005
C00005,2026-07-01,0.0501,1352.59,RP0005
C00005,2026-08-01,0.0501,761.05,RP0005
C00006,2024-09-01,0.0453,567.03,RP0006
C00006,2024-10-01,0.0453,994.28,RP0006
C00006,2024-11-01,0.0453,707.41,RP0006
C00006,2024-12-01,0.0453,2240.18,RP0006
C00006,2025-01-01,0.0453,2265.39,RP0006
C00006,2025-02-01,0.0453,1351.86,RP0006
C00006,2025-03-01,0.0453,1931.47,RP0006
C00006,2025-04-01,0.0453,1591.51,RP0006
C00006,2025-05-01,0.0453,2561.76,RP0006
C00006,2025-06-01,0.0453,577.3,RP0006
C00006,2025-07-01,0.0453,1382.45,RP0006
C00006,2025-08-01,0.0453,1249.93,RP0006
C00006,2025-09-01,0.0453,691.08,RP0006
C00006,2025-10-01,0.0453,1282.87,RP0006
C00006,2025-11-01,0.0453,1584.93,RP0006
C00006,2025-12-01,0.0453,598.45,RP0006
C00006,2026-01-01,0.0453,1771.06,RP0006
C00006,2026-02-01,0.0453,1274.86,RP0006
C00006,2026-03-01,0.0453,1433.9,RP0006
C00006,2026-04-01,0.0453,2430.73,RP0006
C00006,2026-05-01,0.0453,2894.92,RP0006
C00006,2026-06-01,0.0453,2887.86,RP0006
C00006,2026-07-01,0.0453,1202.96,RP0006
C00006,2026-08-01,0.0453,255.91,RP0006
C00007,2024-09-01,0.0444,1431.6,RP0007
C00007,2024-10-01,0.0444,1248.87,RP0007
C00007,2024-11-01,0.0444,2355.04,RP0007
C00007,2024-12-01,0.0444,1320.45,RP0007
C00007,2025-01-01,0.0444,1499.35,RP0007
C00007,2025-02-01,0.0444,1579.97,RP0007
C00007,2025-03-01,0.0444,2249.39,RP0007
C00007,2025-04-01,0.0444,1147.06,RP0007
C00007,2025-05-01,0.0444,2258.11,RP0007
C00007,2025-06-01,0.0444,955.82,RP0007
C00007,2025-07-01,0.0444,2252.86,RP0007
C00007,2025-08-01,0.0444,971.99,RP0007
C00007,2025-09-01,0.0444,1844.72,RP0007
C00007,2025-10-01,0.0444,2323.45,RP0007
C00007,2025-11-01,0.0444,233.35,RP0007
C00007,2025-12-01,0.0444,1338.09,RP0007
C00007,2026-01-01,0.0444,1506.15,RP0007
C00007,2026-02-01,0.0444,1624.29,RP0007
C00007,2026-03-01,0.0444,2741.36,RP0007
C00007,2026-04-01,0.0444,1405.63,RP0007
C00007,2026-05-01,0.0444,2455.62,RP0007
C00007,2026-06-01,0.0444,3628.66,RP0007
C00007,2026-07-01,0.0444,2261.32,RP0007
C00007,2026-08-01,0.0444,2252.9,RP0007
C00008,2024-09-01,0.0456,191.65,RP0008
C00008,2024-10-01,0.0456,457.86,RP0008
C00008,2024-11-01,0.0456,1216.72,RP0008
C00008,2024-12-01,0.0456,497.14,RP0008
C00008,2025-01-01,0.0456,978.8,RP0008
C00008,2025-02-01,0.0456,2305.63,RP0008
C00008,2025-03-01,0.0456,1930.31,RP0008
C00008,2025-04-01,0.0456,1183.35,RP0008
C00008,2025-05-01,0.0456,605.12,RP0008
C00008,2025-06-01,0.0456,2157.5,RP0008
C00008,2025-07-01,0.0456,30.62,RP0008
C00008,2025-08-01,0.0456,1486.81,RP0008
C00008,2025-09-01,0.0456,1066.27,RP0008
C00008,2025-10-01,0.0456,945.68,RP0008
C00008,2025-11-01,0.0456,2920.65,RP0008
C00008,2025-12-01,0.0456,919.44,RP0008
C00008,2026-01-01,0.0456,1063.95,RP0008
C00008,2026-02-01,0.0456,2237.93,RP0008
C00008,2026-03-01,0.0456,809.65,RP0008
C00008,2026-04-01,0.0456,3329.46,RP0008
C00008,2026-05-01,0.0456,2004.45,RP0008
C00008,2026-06-01,0.0456,2163.51,RP0008
C00008,2026-07-01,0.0456,1057.23,RP0008
C00008,2026-08-01,0.0456,441.24,RP0008
C00009,2024-09-01,0.0513,944.07,RP0009
C00009,2024-10-01,0.0513,3101.64,RP0009
C00009,2024-11-01,0.0513,1503.82,RP0009
C00009,2024-12-01,0.0513,1490.73,RP0009
C00009,2025-01-01,0.0513,580.93,RP0009
C00009,2025-02-01,0.0513,1360.9,RP0009
C00009,2025-03-01,0.0513,553.52,RP0009
C00009,2025-04-01,0.0513,149.17,RP0009
C00009,2025-05-01,0.0513,2440.09,RP0009
C00009,2025-06-01,0.0513,1958.93,RP0009
C00009,2025-07-01,0.0513,254.08,RP0009
C00009,2025-08-01,0.0513,618.18,RP0009
C00009,2025-09-01,0.0513,528.35,RP0009
C00009,2025-10-01,0.0513,3411.67,RP0009
C00009,2025-11-01,0.0513,2155.42,RP0009
C00009,2025-12-01,0.0513,1421.82,RP0009
C00009,2026-01-01,0.0513,1553.57,RP0009
C00009,2026-02-01,0.0513,83.32,RP0009
C00009,2026-03-01,0.0513,2261.27,RP0009
C00009,2026-04-01,0.0513,1764.06,RP0009
C00009,2026-05-01,0.0513,898.67,RP0009
C00009,2026-06-01,0.0513,1362.81,RP0009
C00009,2026-07-01,0.0513,651.15,RP0009
C00009,2026-08-01,0.0513,1009.87,RP0009
C00010,2024-09-01,0.0567,1525.88,RP0010
C00010,2024-10-01,0.0567,961.99,RP0010
C00010,2024-11-01,0.0567,1062.32,RP0010
C00010,2024-12-01,0.0567,1207.27,RP0010
C00010,2025-01-01,0.0567,1271.14,RP0010
C00010,2025-02-01,0.0567,1829.12,RP0010
C00010,2025-03-01,0.0567,1727.32,RP0010
C00010,2025-04-01,0.0567,972.11,RP0010
C00010,2025-05-01,0.0567,2311.79,RP0010
C00010,2025-06-01,0.0567,1012.91,RP0010
C00010,2025-07-01,0.0567,3880.14,RP0010
C00010,2025-08-01,0.0567,2114.38,RP0010
C00010,2025-09-01,0.0567,2345.7,RP0010
C00010,2025-10-01,0.0567,1941.47,RP0010
C00010,2025-11-01,0.0567,1528.01,RP0010
C00010,2025-12-01,0.0567,3596.42,RP0010
C00010,2026-01-01,0.0567,825.86,RP0010
C00010,2026-02-01,0.0567,1828.06,RP0010
C00010,2026-03-01,0.0567,1900.2,RP0010
C00010,2026-04-01,0.0567,973.65,RP0010
C00010,2026-05-01,0.0567,2043.08,RP0010
C00010,2026-06-01,0.0567,1077.12,RP0010
C00010,2026-07-01,0.0567,2044.87,RP0010
C00010,2026-08-01,0.0567,415.32,RP0010
C00011,2024-09-01,0.0463,3869.68,RP0011
C00011,2024-10-01,0.0463,3036.59,RP0011
C00011,2024-11-01,0.0463,2661.21,RP0011
C00011,2024-12-01,0.0463,1221.68,RP0011
C00011,2025-01-01,0.0463,1455.15,RP0011
C00011,2025-02-01,0.0463,3078.51,RP0011
C00011,2025-03-01,0.0463,1469.27,RP0011
C00011,2025-04-01,0.0463,1493.14,RP0011
C00011,2025-05-01,0.0463,544.23,RP0011
C00011,2025-06-01,0.0463,3564.6,RP0011
C00011,2025-07-01,0.0463,1942.64,RP0011
C00011,2025-08-01,0.0463,978.69,RP0011
C00011,2025-09-01,0.0463,764.85,RP0011
C00011,2025-10-01,0.0463,1877.59,RP0011
C00011,2025-11-01,0.0463,2312.21,RP0011
C00011,2025-12-01,0.0463,646.84,RP0011
C00011,2026-01-01,0.0463,1392.02,RP0011
C00011,2026-02-01,0.0463,370.53,RP0011
C00011,2026-03-01,0.0463,1376.29,RP0011
C00011,2026-04-01,0.0463,1361.17,RP0011
C00011,2026-05-01,0.0463,848.25,RP0011
C00011,2026-06-01,0.0463,562.12,RP0011
C00011,2026-07-01,0.0463,1437.92,RP0011
C00011,2026-08-01,0.0463,1508.65,RP0011
C00012,2024-09-01,0.0412,1376.5,RP0012
C00012,2024-10-01,0.0412,2431.72,RP0012
C00012,2024-11-01,0.0412,898.81,RP0012
C00012,2024-12-01,0.0412,815.7,RP0012
C00012,2025-01-01,0.0412,1047.3,RP0012
C00012,2025-02-01,0.0412,457.6,RP0012
C00012,2025-03-01,0.0412,746.39,RP0012
C00012,2025-04-01,0.0412,151.89,RP0012
C00012,2025-05-01,0.0412,1272.12,RP0012
C00012,2025-06-01,0.0412,714.33,RP0012
C00012,2025-07-01,0.0412,1947.36,RP0012
C00012,2025-08-01,0.0412,1658.15,RP0012
C00012,2025-09-01,0.0412,1248.28,RP0012
C00012,2025-10-01,0.0412,426.87,RP0012
C00012,2025-11-01,0.0412,752.73,RP0012
C00012,2025-12-01,0.0412,691.26,RP0012
C00012,2026-01-01,0.0412,921.29,RP0012
C00012,2026-02-01,0.0412,641.77,RP0012
C00012,2026-03-01,0.0412,767.89,RP0012
C00012,2026-04-01,0.0412,211.54,RP0012
C00012,2026-05-01,0.0412,974.42,RP0012
C00012,2026-06-01,0.0412,1134.61,RP0012
C00012,2026-07-01,0.0412,2024.9,RP0012
C00012,2026-08-01,0.0412,493.4,RP0012
C00013,2024-09-01,0.0409,1128.39,RP0013
C00013,2024-10-01,0.0409,1067.82,RP0013
C00013,2024-11-01,0.0409,700.81,RP0013
C00013,2024-12-01,0.0409,182.84,RP0013
C00013,2025-01-01,0.0409,2152.93,RP0013
C00013,2025-02-01,0.0409,2444.58,RP0013
C00013,2025-03-01,0.0409,1841.73,RP0013
C00013,2025-04-01,0.0409,1883.06,RP0013
C00013,2025-05-01,0.0409,961.86,RP0013
C00013,2025-06-01,0.0409,2142.7,RP0013
C00013,2025-07-01,0.0409,935.71,RP0013
C00013,2025-08-01,0.0409,556.3,RP0013
C00013,2025-09-01,0.0409,2835.91,RP0013
C00013,2025-10-01,0.0409,2516.36,RP0013
C00013,2025-11-01,0.0409,2262.0,RP0013
C00013,2025-12-01,0.0409,1541.6,RP0013
C00013,2026-01-01,0.0409,1149.09,RP0013
C00013,2026-02-01,0.0409,1938.84,RP0013
C00013,2026-03-01,0.0409,943.45,RP0013
C00013,2026-04-01,0.0409,2344.07,RP0013
C00013,2026-05-01,0.0409,847.04,RP0013
C00013,2026-06-01,0.0409,1894.17,RP0013
C00013,2026-07-01,0.0409,1337.26,RP0013
C00013,2026-08-01,0.0409,1621.8,RP0013
C00014,2024-09-01,0.0537,542.8,RP0014
C00014,2024-10-01,0.0537,2558.45,RP0014
C00014,2024-11-01,0.0537,3096.69,RP0014
C00014,2024-12-01,0.0537,433.37,RP0014
C00014,2025-01-01,0.0537,134.61,RP0014
C00014,2025-02-01,0.0537,395.97,RP0014
C00014,2025-03-01,0.0537,3267.87,RP0014
C00014,2025-04-01,0.0537,1870.87,RP0014
C00014,2025-05-01,0.0537,2634.86,RP0014
C00014,2025-06-01,0.0537,1235.8,RP0014
C00014,2025-07-01,0.0537,962.24,RP0014
C00014,2025-08-01,0.0537,3430.35,RP0014
C00014,2025-09-01,0.0537,984.4,RP0014
C00014,2025-10-01,0.0537,4766.95,RP0014
C00014,2025-11-01,0.0537,531.47,RP0014
C00014,2025-12-01,0.0537,801.85,RP0014
C00014,2026-01-01,0.0537,1661.53,RP0014
C00014,2026-02-01,0.0537,1865.68,RP0014
C00014,2026-03-01,0.0537,777.2,RP0014
C00014,2026-04-01,0.0537,2730.32,RP0014
C00014,2026-05-01,0.0537,3119.3,RP0014
C00014,2026-06-01,0.0537,2038.22,RP0014
C00014,2026-07-01,0.0537,1177.3,RP0014
C00015,2024-09-01,0.0554,1703.7,RP0015
C00015,2024-10-01,0.0554,1027.26,RP0015
C00015,2024-11-01,0.0554,2396.66,RP0015
C00015,2024-12-01,0.0554,2091.08,RP0015
C00015,2025-01-01,0.0554,378.37,RP0015
C00015,2025-02-01,0.0554,3443.14,RP0015
C00015,2025-03-01,0.0554,661.45,RP0015
C00015,2025-04-01,0.0554,87.27,RP0015
C00015,2025-05-01,0.0554,696.14,RP0015
C00015,2025-06-01,0.0554,2237.49,RP0015
C00015,2025-07-01,0.0554,4380.9,RP0015
C00015,2025-08-01,0.0554,2923.53,RP0015
C00015,2025-09-01,0.0554,892.43,RP0015
C00015,2025-10-01,0.0554,1496.95,RP0015
C00015,2025-11-01,0.0554,1101.78,RP0015
C00015,2025-12-01,0.0554,2275.45,RP0015
C00015,2026-01-01,0.0554,1113.46,RP0015
C00015,2026-02-01,0.0554,1946.79,RP0015
C00015,2026-03-01,0.0554,1162.47,RP0015
C00015,2026-04-01,0.0554,1895.87,RP0015
C00015,2026-05-01,0.0554,1582.84,RP0015
C00015,2026-06-01,0.0554,126.44,RP0015
C00015,2026-07-01,0.0554,2103.61,RP0015
C00015,2026-08-01,0.0554,393.53,RP0015
C00016,2024-09-01,0.0171,127.72,RP0016
C00016,2024-11-01,0.0171,266.95,RP0016
C00016,2024-12-01,0.0171,143.65,RP0016
C00016,2025-02-01,0.0171,142.89,RP0016
C00016,2025-03-01,0.0171,186.92,RP0016
C00016,2025-04-01,0.0171,162.33,RP0016
C00016,2025-05-01,0.0171,254.02,RP0016
C00016,2025-06-01,0.0171,187.78,RP0016
C00016,2025-07-01,0.0171,234.07,RP0016
C00016,2025-08-01,0.0171,12.87,RP0016
C00016,2025-09-01,0.0171,95.75,RP0016
C00016,2025-10-01,0.0171,20.86,RP0016
C00016,2025-11-01,0.0171,92.92,RP0016
C00016,2025-12-01,0.0171,27.0,RP0016
C00016,2026-01-01,0.0171,17.39,RP0016
C00016,2026-02-01,0.0171,89.66,RP0016
C00016,2026-03-01,0.0171,143.46,RP0016
C00016,2026-04-01,0.0171,267.58,RP0016
C00016,2026-05-01,0.0171,188.89,RP0016
C00016,2026-06-01,0.0171,286.41,RP0016
C00016,2026-07-01,0.0171,160.42,RP0016
C00016,2026-08-01,0.0171,133.29,RP0016
C00017,2024-10-01,0.0269,52.36,RP0017
C00017,2024-11-01,0.0269,37.88,RP0017
C00017,2024-12-01,0.0269,136.51,RP0017
C00017,2025-01-01,0.0269,50.96,RP0017
C00017,2025-02-01,0.0269,36.88,RP0017
C00017,2025-03-01,0.0269,464.67,RP0017
C00017,2025-04-01,0.0269,143.16,RP0017
C00017,2025-05-01,0.0269,484.71,RP0017
C00017,2025-06-01,0.0269,326.0,RP0017
C00017,2025-07-01,0.0269,266.6,RP0017
C00017,2025-08-01,0.0269,35.22,RP0017
C00017,2025-09-01,0.0269,332.64,RP0017
C00017,2025-10-01,0.0269,120.96,RP0017
C00017,2025-11-01,0.0269,177.48,RP0017
C00017,2025-12-01,0.0269,333.35,RP0017
C00017,2026-01-01,0.0269,114.8,RP0017
C00017,2026-02-01,0.0269,166.59,RP0017
C00017,2026-03-01,0.0269,101.13,RP0017
C00017,2026-04-01,0.0269,122.69,RP0017
C00017,2026-05-01,0.0269,20.02,RP0017
C00017,2026-06-01,0.0269,60.53,RP0017
C00017,2026-07-01,0.0269,279.15,RP0017
C00017,2026-08-01,0.0269,366.01,RP0017
C00018,2024-09-01,0.0179,102.76,RP0018
C00018,2024-10-01,0.0179,106.89,RP0018
C00018,2024-11-01,0.0179,68.35,RP0018
C00018,2024-12-01,0.0179,253.24,RP0018
C00018,2025-01-01,0.0179,265.42,RP0018
C00018,2025-02-01,0.0179,84.53,RP0018
C00018,2025-03-01,0.0179,120.48,RP0018
C00018,2025-04-01,0.0179,160.37,RP0018
C00018,2025-05-01,0.0179,157.5,RP0018
C00018,2025-06-01,0.0179,363.41,RP0018
C00018,2025-07-01,0.0179,120.64,RP0018
C00018,2025-08-01,0.0179,25.63,RP0018
C00018,2025-09-01,0.0179,400.18,RP0018
C00018,2025-10-01,0.0179,136.47,RP0018
C00018,2025-11-01,0.0179,183.94,RP0018
C00018,2025-12-01,0.0179,51.32,RP0018
C00018,2026-01-01,0.0179,184.23,RP0018
C00018,2026-02-01,0.0179,23.95,RP0018
C00018,2026-03-01,0.0179,281.77,RP0018
C00018,2026-04-01,0.0179,68.92,RP0018
C00018,2026-05-01,0.0179,401.96,RP0018
C00018,2026-06-01,0.0179,318.47,RP0018
C00018,2026-07-01,0.0179,219.06,RP0018
C00018,2026-08-01,0.0179,101.0,RP0018
C00019,2024-09-01,0.0212,328.42,RP0019
C00019,2024-10-01,0.0212,34.96,RP0019
C00019,2024-11-01,0.0212,141.8,RP0019
C00019,2024-12-01,0.0212,40.99,RP0019
C00019,2025-01-01,0.0212,250.72,RP0019
C00019,2025-02-01,0.0212,185.67,RP0019
C00019,2025-03-01,0.0212,74.08,RP0019
C00019,2025-04-01,0.0212,222.58,RP0019
C00019,2025-05-01,0.0212,110.45,RP0019
C00019,2025-06-01,0.0212,147.69,RP0019
C00019,2025-07-01,0.0212,53.61,RP0019
C00019,2025-08-01,0.0212,5.81,RP0019
C00019,2025-09-01,0.0212,322.43,RP0019
C00019,2025-10-01,0.0212,67.25,RP0019
C00019,2025-11-01,0.0212,18.73,RP0019
C00019,2025-12-01,0.0212,97.26,RP0019
C00019,2026-01-01,0.0212,77.19,RP0019
C00019,2026-03-01,0.0212,156.04,RP0019
C00019,2026-05-01,0.0212,78.7,RP0019
C00019,2026-07-01,0.0212,80.36,RP0019
C00019,2026-08-01,0.0212,244.64,RP0019
C00020,2024-09-01,0.0179,98.93,RP0020
C00020,2024-10-01,0.0179,113.63,RP0020
C00020,2024-11-01,0.0179,87.99,RP0020
C00020,2024-12-01,0.0179,179.51,RP0020
C00020,2025-01-01,0.0179,159.61,RP0020
C00020,2025-02-01,0.0179,101.27,RP0020
C00020,2025-03-01,0.0179,154.07,RP0020
C00020,2025-04-01,0.0179,63.19,RP0020
C00020,2025-07-01,0.0179,161.1,RP0020
C00020,2025-08-01,0.0179,119.1,RP0020
C00020,2025-09-01,0.0179,72.71,RP0020
C00020,2025-10-01,0.0179,45.56,RP0020
C00020,2025-11-01,0.0179,173.81,RP0020
C00020,2025-12-01,0.0179,154.35,RP0020
C00020,2026-01-01,0.0179,84.15,RP0020
C00020,2026-02-01,0.0179,133.15,RP0020
C00020,2026-03-01,0.0179,155.46,RP0020
C00020,2026-04-01,0.0179,34.45,RP0020
C00020,2026-05-01,0.0179,131.98,RP0020
C00020,2026-06-01,0.0179,29.01,RP0020
C00021,2024-10-01,0.0183,222.71,RP0021
C00021,2024-11-01,0.0183,87.65,RP0021
C00021,2024-12-01,0.0183,10.56,RP0021
C00021,2025-01-01,0.0183,300.7,RP0021
C00021,2025-02-01,0.0183,277.17,RP0021
C00021,2025-03-01,0.0183,67.49,RP0021
C00021,2025-04-01,0.0183,138.88,RP0021
C00021,2025-05-01,0.0183,47.51,RP0021
C00021,2025-06-01,0.0183,144.37,RP0021
C00021,2025-07-01,0.0183,263.38,RP0021
C00021,2025-08-01,0.0183,92.22,RP0021
C00021,2025-09-01,0.0183,184.38,RP0021
C00021,2025-10-01,0.0183,128.7,RP0021
C00021,2025-11-01,0.0183,156.01,RP0021
C00021,2025-12-01,0.0183,40.33,RP0021
C00021,2026-01-01,0.0183,176.06,RP0021
C00021,2026-02-01,0.0183,133.8,RP0021
C00021,2026-03-01,0.0183,251.96,RP0021
C00021,2026-04-01,0.0183,111.68,RP0021
C00021,2026-06-01,0.0183,271.68,RP0021
C00021,2026-07-01,0.0183,74.55,RP0021
C00021,2026-08-01,0.0183,384.76,RP0021
C00022,2024-09-01,0.0207,73.67,RP0022
C00022,2024-10-01,0.0207,152.93,RP0022
C00022,2024-11-01,0.0207,337.55,RP0022
C00022,2024-12-01,0.0207,47.78,RP0022
C00022,2025-01-01,0.0207,32.62,RP0022
C00022,2025-02-01,0.0207,95.12,RP0022
C00022,2025-03-01,0.0207,170.84,RP0022
C00022,2025-04-01,0.0207,168.38,RP0022
C00022,2025-05-01,0.0207,153.68,RP0022
C00022,2025-06-01,0.0207,50.13,RP0022
C00022,2025-07-01,0.0207,80.16,RP0022
C00022,2025-08-01,0.0207,154.28,RP0022
C00022,2025-09-01,0.0207,239.63,RP0022
C00022,2025-10-01,0.0207,29.38,RP0022
C00022,2025-11-01,0.0207,149.47,RP0022
C00022,2025-12-01,0.0207,208.23,RP0022
C00022,2026-01-01,0.0207,71.73,RP0022
C00022,2026-02-01,0.0207,223.52,RP0022
C00022,2026-03-01,0.0207,73.6,RP0022
C00022,2026-05-01,0.0207,174.1,RP0022
C00022,2026-06-01,0.0207,227.61,RP0022
C00022,2026-07-01,0.0207,133.82,RP0022
C00022,2026-08-01,0.0207,196.69,RP0022
C00023,2024-09-01,0.0173,62.61,RP0023
C00023,2024-10-01,0.0173,152.83,RP0023
C00023,2024-11-01,0.0173,52.26,RP0023
C00023,2024-12-01,0.0173,47.7,RP0023
C00023,2025-01-01,0.0173,85.72,RP0023
C00023,2025-02-01,0.0173,104.2,RP0023
C00023,2025-03-01,0.0173,9.93,RP0023
C00023,2025-04-01,0.0173,170.29,RP0023
C00023,2025-05-01,0.0173,84.13,RP0023
C00023,2025-06-01,0.0173,55.85,RP0023
C00023,2025-07-01,0.0173,71.69,RP0023
C00023,2025-08-01,0.0173,111.58,RP0023
C00023,2025-09-01,0.0173,16.81,RP0023
C00023,2025-10-01,0.0173,250.28,RP0023
C00023,2025-11-01,0.0173,92.09,RP0023
C00023,2025-12-01,0.0173,231.57,RP0023
C00023,2026-01-01,0.0173,29.2,RP0023
C00023,2026-02-01,0.0173,97.94,RP0023
C00023,2026-03-01,0.0173,110.63,RP0023
C00023,2026-04-01,0.0173,57.35,RP0023
C00023,2026-05-01,0.0173,105.66,RP0023
C00023,2026-06-01,0.0173,10.22,RP0023
C00023,2026-07-01,0.0173,282.9,RP0023
C00023,2026-08-01,0.0173,261.76,RP0023
C00024,2024-09-01,0.0154,35.6,RP0024
C00024,2024-10-01,0.0154,23.08,RP0024
C00024,2024-11-01,0.0154,3.31,RP0024
C00024,2025-02-01,0.0154,159.28,RP0024
C00024,2025-03-01,0.0154,196.51,RP0024
C00024,2025-04-01,0.0154,77.94,RP0024
C00024,2025-05-01,0.0154,71.48,RP0024
C00024,2025-06-01,0.0154,92.49,RP0024
C00024,2025-07-01,0.0154,338.42,RP0024
C00024,2025-08-01,0.0154,152.63,RP0024
C00024,2025-10-01,0.0154,52.41,RP0024
C00024,2025-11-01,0.0154,38.61,RP0024
C00024,2025-12-01,0.0154,43.77,RP0024
C00024,2026-01-01,0.0154,111.5,RP0024
C00024,2026-02-01,0.0154,51.39,RP0024
C00024,2026-03-01,0.0154,7.28,RP0024
C00024,2026-04-01,0.0154,113.16,RP0024
C00024,2026-06-01,0.0154,90.38,RP0024
C00024,2026-07-01,0.0154,17.88,RP0024
C00025,2024-09-01,0.0185,239.02,RP0025
C00025,2024-10-01,0.0185,252.9,RP0025
C00025,2024-12-01,0.0185,32.3,RP0025
C00025,2025-01-01,0.0185,75.97,RP0025
C00025,2025-02-01,0.0185,75.39,RP0025
C00025,2025-03-01,0.0185,49.0,RP0025
C00025,2025-04-01,0.0185,17.23,RP0025
C00025,2025-05-01,0.0185,17.59,RP0025
C00025,2025-06-01,0.0185,31.45,RP0025
C00025,2025-07-01,0.0185,93.53,RP0025
C00025,2025-09-01,0.0185,29.22,RP0025
C00025,2025-10-01,0.0185,185.15,RP0025
C00025,2025-11-01,0.0185,179.75,RP0025
C00025,2025-12-01,0.0185,11.11,RP0025
C00025,2026-01-01,0.0185,87.69,RP0025
C00025,2026-02-01,0.0185,139.48,RP0025
C00025,2026-03-01,0.0185,187.81,RP0025
C00025,2026-04-01,0.0185,33.84,RP0025
C00025,2026-05-01,0.0185,46.4,RP0025
C00025,2026-06-01,0.0185,77.19,RP0025
C00026,2024-09-01,0.0161,206.01,RP0026
C00026,2024-10-01,0.0161,234.45,RP0026
C00026,2024-11-01,0.0161,259.27,RP0026
C00026,2024-12-01,0.0161,260.88,RP0026
C00026,2025-01-01,0.0161,39.79,RP0026
C00026,2025-03-01,0.0161,104.71,RP0026
C00026,2025-04-01,0.0161,113.29,RP0026
C00026,2025-05-01,0.0161,116.68,RP0026
C00026,2025-06-01,0.0161,150.79,RP0026
C00026,2025-07-01,0.0161,36.61,RP0026
C00026,2025-08-01,0.0161,156.14,RP0026
C00026,2025-09-01,0.0161,38.34,RP0026
C00026,2025-10-01,0.0161,84.6,RP0026
C00026,2025-11-01,0.0161,138.63,RP0026
C00026,2025-12-01,0.0161,82.49,RP0026
C00026,2026-01-01,0.0161,41.91,RP0026
C00026,2026-02-01,0.0161,253.77,RP0026
C00026,2026-03-01,0.0161,131.69,RP0026
C00026,2026-04-01,0.0161,140.97,RP0026
C00026,2026-05-01,0.0161,78.67,RP0026
C00026,2026-06-01,0.0161,85.74,RP0026
C00026,2026-08-01,0.0161,27.64,RP0026
C00027,2024-09-01,0.0286,34.56,RP0027
C00027,2024-10-01,0.0286,168.57,RP0027
C00027,2024-11-01,0.0286,110.14,RP0027
C00027,2024-12-01,0.0286,69.02,RP0027
C00027,2025-01-01,0.0286,97.67,RP0027
C00027,2025-02-01,0.0286,366.5,RP0027
C00027,2025-03-01,0.0286,342.16,RP0027
C00027,2025-06-01,0.0286,338.54,RP0027
C00027,2025-08-01,0.0286,138.61,RP0027
C00027,2025-09-01,0.0286,27.0,RP0027
C00027,2025-10-01,0.0286,203.45,RP0027
C00027,2025-11-01,0.0286,115.4,RP0027
C00027,2025-12-01,0.0286,264.17,RP0027
C00027,2026-02-01,0.0286,455.6,RP0027
C00027,2026-03-01,0.0286,108.68,RP0027
C00027,2026-04-01,0.0286,217.87,RP0027
C00027,2026-05-01,0.0286,89.52,RP0027
C00027,2026-06-01,0.0286,464.58,RP0027
C00027,2026-07-01,0.0286,168.66,RP0027
C00027,2026-08-01,0.0286,116.28,RP0027
C00028,2024-10-01,0.0229,37.84,RP0028
C00028,2024-11-01,0.0229,186.64,RP0028
C00028,2024-12-01,0.0229,137.4,RP0028
C00028,2025-01-01,0.0229,126.24,RP0028
C00028,2025-02-01,0.0229,128.55,RP0028
C00028,2025-03-01,0.0229,16.48,RP0028
C00028,2025-05-01,0.0229,145.65,RP0028
C00028,2025-06-01,0.0229,107.22,RP0028
C00028,2025-07-01,0.0229,30.62,RP0028
C00028,2025-08-01,0.0229,164.38,RP0028
C00028,2025-09-01,0.0229,91.93,RP0028
C00028,2025-11-01,0.0229,94.31,RP0028
C00028,2025-12-01,0.0229,44.83,RP0028
C00028,2026-01-01,0.0229,202.75,RP0028
C00028,2026-02-01,0.0229,65.17,RP0028
C00028,2026-03-01,0.0229,283.37,RP0028
C00028,2026-04-01,0.0229,118.76,RP0028
C00028,2026-05-01,0.0229,47.53,RP0028
C00028,2026-06-01,0.0229,185.63,RP0028
C00028,2026-07-01,0.0229,299.94,RP0028
C00028,2026-08-01,0.0229,157.85,RP0028
C00029,2024-10-01,0.0251,167.81,RP0029
C00029,2024-11-01,0.0251,124.94,RP0029
C00029,2024-12-01,0.0251,80.5,RP0029
C00029,2025-01-01,0.0251,74.29,RP0029
C00029,2025-02-01,0.0251,13.85,RP0029
C00029,2025-03-01,0.0251,55.41,RP0029
C00029,2025-04-01,0.0251,44.87,RP0029
C00029,2025-05-01,0.0251,196.16,RP0029
C00029,2025-06-01,0.0251,67.27,RP0029
C00029,2025-07-01,0.0251,308.07,RP0029
C00029,2025-08-01,0.0251,122.97,RP0029
C00029,2025-09-01,0.0251,141.56,RP0029
C00029,2025-10-01,0.0251,113.2,RP0029
C00029,2025-11-01,0.0251,404.73,RP0029
C00029,2025-12-01,0.0251,75.99,RP0029
C00029,2026-01-01,0.0251,180.39,RP0029
C00029,2026-06-01,0.0251,32.0,RP0029
C00029,2026-07-01,0.0251,154.94,RP0029
C00029,2026-08-01,0.0251,55.89,RP0029
C00030,2024-10-01,0.0325,291.0,RP0030
C00030,2024-11-01,0.0325,127.22,RP0030
C00030,2024-12-01,0.0325,208.0,RP0030
C00030,2025-02-01,0.0325,19.14,RP0030
C00030,2025-03-01,0.0325,647.16,RP0030
C00030,2025-04-01,0.0325,54.79,RP0030
C00030,2025-05-01,0.0325,202.64,RP0030
C00030,2025-06-01,0.0325,44.58,RP0030
C00030,2025-08-01,0.0325,287.02,RP0030
C00030,2025-09-01,0.0325,33.23,RP0030
C00030,2025-11-01,0.0325,28.99,RP0030
C00030,2025-12-01,0.0325,281.88,RP0030
C00030,2026-01-01,0.0325,21.74,RP0030
C00030,2026-02-01,0.0325,97.62,RP0030
C00030,2026-03-01,0.0325,474.16,RP0030
C00030,2026-04-01,0.0325,244.92,RP0030
C00030,2026-05-01,0.0325,162.61,RP0030
C00030,2026-06-01,0.0325,153.95,RP0030
C00030,2026-07-01,0.0325,289.89,RP0030
C00030,2026-08-01,0.0325,167.12,RP0030
C00031,2024-09-01,0.0159,83.77,RP0031
C00031,2024-10-01,0.0159,47.92,RP0031
C00031,2024-11-01,0.0159,74.02,RP0031
C00031,2024-12-01,0.0159,161.19,RP0031
C00031,2025-01-01,0.0159,80.27,RP0031
C00031,2025-02-01,0.0159,54.16,RP0031
C00031,2025-03-01,0.0159,104.12,RP0031
C00031,2025-04-01,0.0159,8.13,RP0031
C00031,2025-05-01,0.0159,36.93,RP0031
C00031,2025-06-01,0.0159,66.87,RP0031
C00031,2025-07-01,0.0159,211.82,RP0031
C00031,2025-08-01,0.0159,49.58,RP0031
C00031,2025-09-01,0.0159,67.33,RP0031
C00031,2025-10-01,0.0159,142.47,RP0031
C00031,2025-11-01,0.0159,37.17,RP0031
C00031,2025-12-01,0.0159,43.9,RP0031
C00031,2026-01-01,0.0159,9.51,RP0031
C00031,2026-02-01,0.0159,6.83,RP0031
C00031,2026-03-01,0.0159,351.73,RP0031
C00031,2026-04-01,0.0159,35.32,RP0031
C00031,2026-05-01,0.0159,81.6,RP0031
C00031,2026-06-01,0.0159,6.07,RP0031
C00031,2026-07-01,0.0159,57.69,RP0031
C00032,2024-10-01,0.0186,39.22,RP0032
C00032,2024-11-01,0.0186,93.71,RP0032
C00032,2024-12-01,0.0186,102.29,RP0032
C00032,2025-01-01,0.0186,54.33,RP0032
C00032,2025-02-01,0.0186,65.6,RP0032
C00032,2025-03-01,0.0186,30.21,RP0032
C00032,2025-04-01,0.0186,45.42,RP0032
C00032,2025-05-01,0.0186,62.07,RP0032
C00032,2025-06-01,0.0186,232.26,RP0032
C00032,2025-07-01,0.0186,208.98,RP0032
C00032,2025-08-01,0.0186,129.55,RP0032
C00032,2025-09-01,0.0186,55.1,RP0032
C00032,2025-10-01,0.0186,36.67,RP0032
C00032,2025-11-01,0.0186,36.71,RP0032
C00032,2025-12-01,0.0186,147.38,RP0032
C00032,2026-02-01,0.0186,55.15,RP0032
C00032,2026-03-01,0.0186,33.18,RP0032
C00032,2026-04-01,0.0186,25.85,RP0032
C00032,2026-05-01,0.0186,77.01,RP0032
C00032,2026-07-01,0.0186,86.35,RP0032
C00033,2024-09-01,0.02,55.26,RP0033
C00033,2024-10-01,0.02,14.14,RP0033
C00033,2024-11-01,0.02,84.75,RP0033
C00033,2024-12-01,0.02,128.47,RP0033
C00033,2025-01-01,0.02,33.91,RP0033
C00033,2025-02-01,0.02,29.7,RP0033
C00033,2025-03-01,0.02,10.8,RP0033
C00033,2025-05-01,0.02,27.9,RP0033
C00033,2025-06-01,0.02,74.1,RP0033
C00033,2025-07-01,0.02,26.2,RP0033
C00033,2025-09-01,0.02,47.79,RP0033
C00033,2025-10-01,0.02,63.79,RP0033
C00033,2025-11-01,0.02,91.98,RP0033
C00033,2025-12-01,0.02,21.55,RP0033
C00033,2026-01-01,0.02,133.65,RP0033
C00033,2026-02-01,0.02,51.39,RP0033
C00033,2026-03-01,0.02,23.06,RP0033
C00033,2026-04-01,0.02,46.14,RP0033
C00033,2026-05-01,0.02,66.73,RP0033
C00033,2026-07-01,0.02,317.11,RP0033
C00033,2026-08-01,0.02,26.16,RP0033
C00034,2024-09-01,0.0264,167.86,RP0034
C00034,2024-10-01,0.0264,65.16,RP0034
C00034,2024-11-01,0.0264,121.37,RP0034
C00034,2024-12-01,0.0264,398.32,RP0034
C00034,2025-01-01,0.0264,99.06,RP0034
C00034,2025-02-01,0.0264,134.65,RP0034
C00034,2025-04-01,0.0264,103.22,RP0034
C00034,2025-05-01,0.0264,35.0,RP0034
C00034,2025-06-01,0.0264,119.16,RP0034
C00034,2025-07-01,0.0264,521.36,RP0034
C00034,2025-08-01,0.0264,378.63,RP0034
C00034,2025-09-01,0.0264,186.53,RP0034
C00034,2025-10-01,0.0264,42.86,RP0034
C00034,2025-11-01,0.0264,18.74,RP0034
C00034,2025-12-01,0.0264,184.19,RP0034
C00034,2026-01-01,0.0264,159.76,RP0034
C00034,2026-02-01,0.0264,72.8,RP0034
C00034,2026-03-01,0.0264,186.24,RP0034
C00034,2026-04-01,0.0264,131.38,RP0034
C00034,2026-05-01,0.0264,187.42,RP0034
C00034,2026-06-01,0.0264,22.06,RP0034
C00034,2026-07-01,0.0264,392.6,RP0034
C00034,2026-08-01,0.0264,138.51,RP0034
C00035,2024-09-01,0.016,119.14,RP0035
C00035,2024-11-01,0.016,106.55,RP0035
C00035,2024-12-01,0.016,110.8,RP0035
C00035,2025-01-01,0.016,70.04,RP0035
C00035,2025-03-01,0.016,100.19,RP0035
C00035,2025-05-01,0.016,20.43,RP0035
C00035,2025-06-01,0.016,55.39,RP0035
C00035,2025-07-01,0.016,223.66,RP0035
C00035,2025-08-01,0.016,102.89,RP0035
C00035,2025-09-01,0.016,23.2,RP0035
C00035,2025-12-01,0.016,76.52,RP0035
C00035,2026-01-01,0.016,90.57,RP0035
C00035,2026-02-01,0.016,140.17,RP0035
C00035,2026-03-01,0.016,13.55,RP0035
C00035,2026-04-01,0.016,14.23,RP0035
C00035,2026-05-01,0.016,105.24,RP0035
C00035,2026-06-01,0.016,48.01,RP0035
C00035,2026-07-01,0.016,30.7,RP0035
C00035,2026-08-01,0.016,61.76,RP0035
C00036,2024-10-01,0.0225,144.9,RP0036
C00036,2024-11-01,0.0225,83.72,RP0036
C00036,2024-12-01,0.0225,157.8,RP0036
C00036,2025-01-01,0.0225,34.14,RP0036
C00036,2025-02-01,0.0225,87.76,RP0036
C00036,2025-03-01,0.0225,153.8,RP0036
C00036,2025-04-01,0.0225,31.3,RP0036
C00036,2025-06-01,0.0225,248.71,RP0036
C00036,2025-08-01,0.0225,58.3,RP0036
C00036,2025-09-01,0.0225,218.77,RP0036
C00036,2025-10-01,0.0225,212.82,RP0036
C00036,2026-01-01,0.0225,82.59,RP0036
C00036,2026-02-01,0.0225,86.08,RP0036
C00036,2026-03-01,0.0225,17.96,RP0036
C00036,2026-04-01,0.0225,86.42,RP0036
C00036,2026-05-01,0.0225,107.83,RP0036
C00036,2026-06-01,0.0225,239.93,RP0036
C00036,2026-07-01,0.0225,16.95,RP0036
C00036,2026-08-01,0.0225,242.38,RP0036
C00037,2024-10-01,0.017,64.17,RP0037
C00037,2024-11-01,0.017,30.34,RP0037
C00037,2024-12-01,0.017,25.27,RP0037
C00037,2025-02-01,0.017,62.51,RP0037
C00037,2025-04-01,0.017,102.44,RP0037
C00037,2025-05-01,0.017,77.17,RP0037
C00037,2025-08-01,0.017,145.81,RP0037
C00037,2025-09-01,0.017,145.99,RP0037
C00037,2025-10-01,0.017,40.5,RP0037
C00037,2025-11-01,0.017,86.17,RP0037
C00037,2025-12-01,0.017,92.89,RP0037
C00037,2026-01-01,0.017,66.76,RP0037
C00037,2026-02-01,0.017,88.24,RP0037
C00037,2026-03-01,0.017,36.81,RP0037
C00037,2026-04-01,0.017,198.93,RP0037
C00037,2026-05-01,0.017,91.42,RP0037
C00037,2026-06-01,0.017,95.82,RP0037
C00037,2026-07-01,0.017,28.74,RP0037
C00037,2026-08-01,0.017,189.86,RP0037
C00038,2024-11-01,0.0317,164.92,RP0038
C00038,2024-12-01,0.0317,172.75,RP0038
C00038,2025-01-01,0.0317,165.9,RP0038
C00038,2025-02-01,0.0317,97.55,RP0038
C00038,2025-03-01,0.0317,371.03,RP0038
C00038,2025-04-01,0.0317,244.61,RP0038
C00038,2025-06-01,0.0317,36.74,RP0038
C00038,2025-07-01,0.0317,432.97,RP0038
C00038,2025-08-01,0.0317,244.61,RP0038
C00038,2025-09-01,0.0317,316.12,RP0038
C00038,2025-12-01,0.0317,567.51,RP0038
C00038,2026-01-01,0.0317,176.58,RP0038
C00038,2026-03-01,0.0317,62.28,RP0038
C00038,2026-04-01,0.0317,74.63,RP0038
C00038,2026-05-01,0.0317,227.89,RP0038
C00038,2026-06-01,0.0317,40.12,RP0038
C00038,2026-08-01,0.0317,159.99,RP0038
C00039,2024-09-01,0.0335,206.15,RP0039
C00039,2024-10-01,0.0335,160.0,RP0039
C00039,2024-11-01,0.0335,176.75,RP0039
C00039,2024-12-01,0.0335,428.13,RP0039
C00039,2025-01-01,0.0335,157.84,RP0039
C00039,2025-02-01,0.0335,196.54,RP0039
C00039,2025-03-01,0.0335,120.97,RP0039
C00039,2025-05-01,0.0335,42.44,RP0039
C00039,2025-06-01,0.0335,159.44,RP0039
C00039,2025-07-01,0.0335,74.22,RP0039
C00039,2025-09-01,0.0335,282.85,RP0039
C00039,2025-10-01,0.0335,102.88,RP0039
C00039,2025-12-01,0.0335,72.34,RP0039
C00039,2026-01-01,0.0335,247.66,RP0039
C00039,2026-03-01,0.0335,248.12,RP0039
C00039,2026-04-01,0.0335,62.37,RP0039
C00039,2026-06-01,0.0335,16.68,RP0039
C00039,2026-07-01,0.0335,153.5,RP0039
C00039,2026-08-01,0.0335,128.87,RP0039
C00040,2024-09-01,0.017,154.06,RP0040
C00040,2024-10-01,0.017,142.75,RP0040
C00040,2024-11-01,0.017,92.67,RP0040
C00040,2024-12-01,0.017,66.83,RP0040
C00040,2025-03-01,0.017,98.87,RP0040
C00040,2025-04-01,0.017,89.05,RP0040
C00040,2025-05-01,0.017,73.22,RP0040
C00040,2025-06-01,0.017,112.64,RP0040
C00040,2025-07-01,0.017,40.95,RP0040
C00040,2025-09-01,0.017,60.23,RP0040
C00040,2025-11-01,0.017,127.33,RP0040
C00040,2025-12-01,0.017,56.92,RP0040
C00040,2026-01-01,0.017,102.98,RP0040
C00040,2026-03-01,0.017,25.31,RP0040
C00040,2026-04-01,0.017,172.21,RP0040
C00040,2026-05-01,0.017,70.62,RP0040
C00040,2026-07-01,0.017,87.77,RP0040
C00040,2026-08-01,0.017,98.54,RP0040
C00041,2024-09-01,0.0331,219.6,RP0041
C00041,2024-10-01,0.0331,234.2,RP0041
C00041,2024-11-01,0.0331,29.02,RP0041
C00041,2025-01-01,0.0331,100.64,RP0041
C00041,2025-02-01,0.0331,137.6,RP0041
C00041,2025-03-01,0.0331,187.36,RP0041
C00041,2025-06-01,0.0331,162.69,RP0041
C00041,2025-07-01,0.0331,101.86,RP0041
C00041,2025-08-01,0.0331,122.74,RP0041
C00041,2025-09-01,0.0331,208.63,RP0041
C00041,2025-11-01,0.0331,34.98,RP0041
C00041,2025-12-01,0.0331,316.31,RP0041
C00041,2026-03-01,0.0331,28.56,RP0041
C00041,2026-04-01,0.0331,296.08,RP0041
C00041,2026-06-01,0.0331,97.94,RP0041
C00041,2026-07-01,0.0331,184.66,RP0041
C00041,2026-08-01,0.0331,243.3,RP0041
C00042,2024-10-01,0.0346,439.07,RP0042
C00042,2024-11-01,0.0346,311.6,RP0042
C00042,2025-03-01,0.0346,259.36,RP0042
C00042,2025-04-01,0.0346,542.18,RP0042
C00042,2025-05-01,0.0346,486.04,RP0042
C00042,2025-06-01,0.0346,89.29,RP0042
C00042,2025-08-01,0.0346,177.82,RP0042
C00042,2025-09-01,0.0346,329.32,RP0042
C00042,2025-11-01,0.0346,87.87,RP0042
C00042,2025-12-01,0.0346,101.37,RP0042
C00042,2026-01-01,0.0346,98.49,RP0042
C00042,2026-05-01,0.0346,134.9,RP0042
C00042,2026-07-01,0.0346,295.49,RP0042
C00042,2026-08-01,0.0346,283.35,RP0042
C00043,2024-09-01,0.0306,54.83,RP0043
C00043,2024-10-01,0.0306,288.28,RP0043
C00043,2024-11-01,0.0306,278.71,RP0043
C00043,2024-12-01,0.0306,295.75,RP0043
C00043,2025-01-01,0.0306,130.55,RP0043
C00043,2025-02-01,0.0306,29.14,RP0043
C00043,2025-03-01,0.0306,45.05,RP0043
C00043,2025-05-01,0.0306,133.69,RP0043
C00043,2025-06-01,0.0306,302.72,RP0043
C00043,2025-07-01,0.0306,106.01,RP0043
C00043,2025-09-01,0.0306,86.11,RP0043
C00043,2025-10-01,0.0306,374.35,RP0043
C00043,2025-11-01,0.0306,56.61,RP0043
C00043,2025-12-01,0.0306,449.94,RP0043
C00043,2026-01-01,0.0306,66.22,RP0043
C00043,2026-02-01,0.0306,38.74,RP0043
C00043,2026-03-01,0.0306,231.36,RP0043
C00043,2026-04-01,0.0306,38.42,RP0043
C00043,2026-05-01,0.0306,600.89,RP0043
C00043,2026-06-01,0.0306,29.96,RP0043
C00043,2026-07-01,0.0306,194.51,RP0043
C00043,2026-08-01,0.0306,73.88,RP0043
C00044,2024-09-01,0.0278,40.31,RP0044
C00044,2024-11-01,0.0278,39.73,RP0044
C00044,2025-01-01,0.0278,341.62,RP0044
C00044,2025-03-01,0.0278,99.68,RP0044
C00044,2025-04-01,0.0278,117.85,RP0044
C00044,2025-05-01,0.0278,204.45,RP0044
C00044,2025-06-01,0.0278,129.96,RP0044
C00044,2025-07-01,0.0278,91.0,RP0044
C00044,2025-08-01,0.0278,211.27,RP0044
C00044,2025-09-01,0.0278,151.14,RP0044
C00044,2025-10-01,0.0278,104.64,RP0044
C00044,2025-11-01,0.0278,63.24,RP0044
C00044,2025-12-01,0.0278,225.07,RP0044
C00044,2026-01-01,0.0278,66.81,RP0044
C00044,2026-02-01,0.0278,76.19,RP0044
C00044,2026-03-01,0.0278,85.9,RP0044
C00044,2026-04-01,0.0278,43.58,RP0044
C00044,2026-05-01,0.0278,217.75,RP0044
C00044,2026-06-01,0.0278,275.54,RP0044
C00044,2026-07-01,0.0278,142.4,RP0044
C00045,2024-09-01,0.0177,81.05,RP0045
C00045,2024-10-01,0.0177,171.11,RP0045
C00045,2024-12-01,0.0177,30.99,RP0045
C00045,2025-04-01,0.0177,27.53,RP0045
C00045,2025-05-01,0.0177,130.96,RP0045
C00045,2025-06-01,0.0177,75.45,RP0045
C00045,2025-07-01,0.0177,8.13,RP0045
C00045,2025-08-01,0.0177,151.96,RP0045
C00045,2025-09-01,0.0177,89.32,RP0045
C00045,2025-10-01,0.0177,38.56,RP0045
C00045,2025-12-01,0.0177,57.97,RP0045
C00045,2026-01-01,0.0177,82.22,RP0045
C00045,2026-02-01,0.0177,21.44,RP0045
C00045,2026-04-01,0.0177,68.75,RP0045
C00045,2026-05-01,0.0177,70.55,RP0045
C00045,2026-06-01,0.0177,142.57,RP0045
C00045,2026-07-01,0.0177,124.08,RP0045
C00045,2026-08-01,0.0177,27.49,RP0045
C00046,2024-09-01,0.0257,134.82,RP0046
C00046,2024-11-01,0.0257,254.04,RP0046
C00046,2024-12-01,0.0257,235.34,RP0046
C00046,2025-01-01,0.0257,260.65,RP0046
C00046,2025-02-01,0.0257,62.95,RP0046
C00046,2025-03-01,0.0257,58.31,RP0046
C00046,2025-04-01,0.0257,182.77,RP0046
C00046,2025-05-01,0.0257,325.52,RP0046
C00046,2025-08-01,0.0257,89.13,RP0046
C00046,2025-09-01,0.0257,131.0,RP0046
C00046,2025-10-01,0.0257,126.81,RP0046
C00046,2025-11-01,0.0257,134.76,RP0046
C00046,2026-01-01,0.0257,136.49,RP0046
C00046,2026-02-01,0.0257,88.61,RP0046
C00046,2026-03-01,0.0257,38.93,RP0046
C00046,2026-04-01,0.0257,42.21,RP0046
C00046,2026-06-01,0.0257,123.32,RP0046
C00046,2026-07-01,0.0257,143.62,RP0046
C00046,2026-08-01,0.0257,274.28,RP0046
C00047,2024-09-01,0.0322,401.36,RP0047
C00047,2024-10-01,0.0322,124.67,RP0047
C00047,2024-11-01,0.0322,121.85,RP0047
C00047,2024-12-01,0.0322,183.9,RP0047
C00047,2025-01-01,0.0322,72.62,RP0047
C00047,2025-03-01,0.0322,124.0,RP0047
C00047,2025-04-01,0.0322,63.4,RP0047
C00047,2025-06-01,0.0322,93.68,RP0047
C00047,2025-08-01,0.0322,208.84,RP0047
C00047,2025-09-01,0.0322,28.03,RP0047
C00047,2025-10-01,0.0322,140.31,RP0047
C00047,2026-01-01,0.0322,108.67,RP0047
C00047,2026-03-01,0.0322,157.02,RP0047
C00047,2026-04-01,0.0322,184.24,RP0047
C00047,2026-05-01,0.0322,105.21,RP0047
C00047,2026-06-01,0.0322,48.08,RP0047
C00047,2026-07-01,0.0322,216.52,RP0047
C00048,2024-09-01,0.0243,104.13,RP0048
C00048,2024-10-01,0.0243,119.83,RP0048
C00048,2024-11-01,0.0243,262.4,RP0048
C00048,2024-12-01,0.0243,77.87,RP0048
C00048,2025-01-01,0.0243,54.93,RP0048
C00048,2025-02-01,0.0243,154.58,RP0048
C00048,2025-04-01,0.0243,87.64,RP0048
C00048,2025-05-01,0.0243,56.2,RP0048
C00048,2025-06-01,0.0243,382.58,RP0048
C00048,2025-07-01,0.0243,93.38,RP0048
C00048,2025-09-01,0.0243,58.97,RP0048
C00048,2025-10-01,0.0243,206.99,RP0048
C00048,2025-11-01,0.0243,114.65,RP0048
C00048,2025-12-01,0.0243,202.89,RP0048
C00048,2026-01-01,0.0243,94.5,RP0048
C00048,2026-02-01,0.0243,250.28,RP0048
C00048,2026-03-01,0.0243,112.94,RP0048
C00048,2026-05-01,0.0243,67.9,RP0048
C00048,2026-08-01,0.0243,91.8,RP0048
C00049,2024-09-01,0.0278,158.65,RP0049
C00049,2024-12-01,0.0278,110.18,RP0049
C00049,2025-02-01,0.0278,132.42,RP0049
C00049,2025-03-01,0.0278,59.06,RP0049
C00049,2025-04-01,0.0278,12.64,RP0049
C00049,2025-06-01,0.0278,126.26,RP0049
C00049,2025-08-01,0.0278,83.95,RP0049
C00049,2025-09-01,0.0278,43.94,RP0049
C00049,2025-10-01,0.0278,125.66,RP0049
C00049,2025-11-01,0.0278,81.56,RP0049
C00049,2025-12-01,0.0278,120.49,RP0049
C00049,2026-01-01,0.0278,243.55,RP0049
C00049,2026-02-01,0.0278,77.97,RP0049
C00049,2026-03-01,0.0278,153.33,RP0049
C00049,2026-04-01,0.0278,56.8,RP0049
C00049,2026-05-01,0.0278,72.92,RP0049
C00049,2026-06-01,0.0278,73.64,RP0049
C00049,2026-07-01,0.0278,72.75,RP0049
C00049,2026-08-01,0.0278,79.68,RP0049
C00050,2024-09-01,0.0203,158.21,RP0050
C00050,2024-10-01,0.0203,24.69,RP0050
C00050,2024-12-01,0.0203,107.2,RP0050
C00050,2025-01-01,0.0203,113.11,RP0050
C00050,2025-02-01,0.0203,27.32,RP0050
C00050,2025-03-01,0.0203,53.85,RP0050
C00050,2025-04-01,0.0203,101.34,RP0050
C00050,2025-06-01,0.0203,141.91,RP0050
C00050,2025-08-01,0.0203,215.97,RP0050
C00050,2025-09-01,0.0203,92.38,RP0050
C00050,2025-10-01,0.0203,198.97,RP0050
C00050,2025-11-01,0.0203,114.4,RP0050
C00050,2025-12-01,0.0203,46.07,RP0050
C00050,2026-01-01,0.0203,18.09,RP0050
C00050,2026-02-01,0.0203,310.91,RP0050
C00050,2026-04-01,0.0203,206.74,RP0050
C00050,2026-05-01,0.0203,79.98,RP0050
C00050,2026-06-01,0.0203,70.86,RP0050
C00050,2026-07-01,0.0203,38.61,RP0050
C00050,2026-08-01,0.0203,86.82,RP0050
C00051,2024-09-01,0.0246,97.79,RP0051
C00051,2024-11-01,0.0246,196.48,RP0051
C00051,2025-02-01,0.0246,41.4,RP0051
C00051,2025-03-01,0.0246,43.39,RP0051
C00051,2025-06-01,0.0246,245.07,RP0051
C00051,2025-08-01,0.0246,41.18,RP0051
C00051,2025-09-01,0.0246,113.07,RP0051
C00051,2025-11-01,0.0246,62.57,RP0051
C00051,2025-12-01,0.0246,243.47,RP0051
C00051,2026-01-01,0.0246,182.37,RP0051
C00051,2026-02-01,0.0246,85.57,RP0051
C00051,2026-03-01,0.0246,84.32,RP0051
C00051,2026-04-01,0.0246,36.45,RP0051
C00051,2026-06-01,0.0246,151.12,RP0051
C00051,2026-07-01,0.0246,101.06,RP0051
C00051,2026-08-01,0.0246,148.33,RP0051
C00052,2024-10-01,0.0233,208.97,RP0052
C00052,2024-11-01,0.0233,143.72,RP0052
C00052,2025-01-01,0.0233,103.84,RP0052
C00052,2025-04-01,0.0233,152.06,RP0052
C00052,2025-05-01,0.0233,114.86,RP0052
C00052,2025-07-01,0.0233,90.21,RP0052
C00052,2025-08-01,0.0233,24.97,RP0052
C00052,2025-09-01,0.0233,63.24,RP0052
C00052,2025-10-01,0.0233,67.94,RP0052
C00052,2025-11-01,0.0233,132.31,RP0052
C00052,2025-12-01,0.0233,7.89,RP0052
C00052,2026-01-01,0.0233,46.82,RP0052
C00052,2026-02-01,0.0233,53.63,RP0052
C00052,2026-03-01,0.0233,120.86,RP0052
C00052,2026-04-01,0.0233,29.82,RP0052
C00052,2026-05-01,0.0233,87.54,RP0052
C00052,2026-06-01,0.0233,100.73,RP0052
C00052,2026-07-01,0.0233,73.08,RP0052
C00053,2024-09-01,0.0224,137.17,RP0053
C00053,2024-10-01,0.0224,21.54,RP0053
C00053,2024-11-01,0.0224,36.28,RP0053
C00053,2025-01-01,0.0224,23.76,RP0053
C00053,2025-03-01,0.0224,11.6,RP0053
C00053,2025-04-01,0.0224,120.68,RP0053
C00053,2025-06-01,0.0224,110.72,RP0053
C00053,2025-10-01,0.0224,63.0,RP0053
C00053,2025-11-01,0.0224,38.87,RP0053
C00053,2025-12-01,0.0224,141.25,RP0053
C00053,2026-01-01,0.0224,26.03,RP0053
C00053,2026-03-01,0.0224,8.79,RP0053
C00053,2026-04-01,0.0224,98.91,RP0053
C00053,2026-05-01,0.0224,72.51,RP0053
C00053,2026-06-01,0.0224,51.43,RP0053
C00053,2026-07-01,0.0224,64.45,RP0053
C00053,2026-08-01,0.0224,58.83,RP0053
C00054,2024-09-01,0.0223,163.57,RP0054
C00054,2024-11-01,0.0223,37.76,RP0054
C00054,2024-12-01,0.0223,20.52,RP0054
C00054,2025-02-01,0.0223,40.08,RP0054
C00054,2025-04-01,0.0223,57.03,RP0054
C00054,2025-05-01,0.0223,194.47,RP0054
C00054,2025-06-01,0.0223,46.9,RP0054
C00054,2025-07-01,0.0223,131.3,RP0054
C00054,2025-08-01,0.0223,203.64,RP0054
C00054,2025-09-01,0.0223,27.63,RP0054
C00054,2025-12-01,0.0223,22.47,RP0054
C00054,2026-01-01,0.0223,45.95,RP0054
C00054,2026-02-01,0.0223,191.36,RP0054
C00054,2026-03-01,0.0223,14.81,RP0054
C00054,2026-04-01,0.0223,129.36,RP0054
C00054,2026-05-01,0.0223,40.98,RP0054
C00054,2026-06-01,0.0223,87.22,RP0054
C00054,2026-07-01,0.0223,165.69,RP0054
C00055,2024-10-01,0.0,0.0,RP0055
C00055,2024-11-01,0.0,0.0,RP0055
C00055,2024-12-01,0.0,0.0,RP0055
C00055,2025-02-01,0.0,0.0,RP0055
C00055,2025-04-01,0.0,0.0,RP0055
C00055,2025-05-01,0.0,0.0,RP0055
C00055,2025-06-01,0.0,0.0,RP0055
C00055,2025-07-01,0.0,0.0,RP0055
C00055,2025-08-01,0.0,0.0,RP0055
C00055,2025-11-01,0.0,0.0,RP0055
C00055,2025-12-01,0.0,0.0,RP0055
C00055,2026-01-01,0.0,0.0,RP0055
C00055,2026-02-01,0.0,0.0,RP0055
C00055,2026-03-01,0.0,0.0,RP0055
C00055,2026-04-01,0.0,0.0,RP0055
C00055,2026-05-01,0.0,0.0,RP0055
C00055,2026-06-01,0.0,0.0,RP0055
C00055,2026-08-01,0.0,0.0,RP0055
C00056,2024-09-01,0.0,0.0,RP0056
C00056,2024-10-01,0.0,0.0,RP0056
C00056,2025-04-01,0.0,0.0,RP0056
C00056,2025-05-01,0.0,0.0,RP0056
C00056,2025-06-01,0.0,0.0,RP0056
C00056,2025-07-01,0.0,0.0,RP0056
C00056,2025-09-01,0.0,0.0,RP0056
C00056,2025-11-01,0.0,0.0,RP0056
C00056,2026-02-01,0.0,0.0,RP0056
C00056,2026-04-01,0.0,0.0,RP0056
C00056,2026-06-01,0.0,0.0,RP0056
C00056,2026-07-01,0.0,0.0,RP0056
C00057,2024-10-01,0.0,0.0,RP0057
C00057,2024-11-01,0.0,0.0,RP0057
C00057,2024-12-01,0.0,0.0,RP0057
C00057,2025-02-01,0.0,0.0,RP0057
C00057,2025-03-01,0.0,0.0,RP0057
C00057,2025-04-01,0.0,0.0,RP0057
C00057,2025-06-01,0.0,0.0,RP0057
C00057,2025-07-01,0.0,0.0,RP0057
C00057,2025-08-01,0.0,0.0,RP0057
C00057,2025-12-01,0.0,0.0,RP0057
C00057,2026-03-01,0.0,0.0,RP0057
C00057,2026-04-01,0.0,0.0,RP0057
C00057,2026-07-01,0.0,0.0,RP0057
C00058,2024-10-01,0.0,0.0,RP0058
C00058,2024-12-01,0.0,0.0,RP0058
C00058,2025-01-01,0.0,0.0,RP0058
C00058,2025-03-01,0.0,0.0,RP0058
C00058,2025-04-01,0.0,0.0,RP0058
C00058,2025-05-01,0.0,0.0,RP0058
C00058,2025-06-01,0.0,0.0,RP0058
C00058,2025-07-01,0.0,0.0,RP0058
C00058,2025-08-01,0.0,0.0,RP0058
C00058,2025-10-01,0.0,0.0,RP0058
C00058,2025-11-01,0.0,0.0,RP0058
C00058,2025-12-01,0.0,0.0,RP0058
C00058,2026-02-01,0.0,0.0,RP0058
C00058,2026-03-01,0.0,0.0,RP0058
C00058,2026-04-01,0.0,0.0,RP0058
C00059,2024-09-01,0.0,0.0,RP0059
C00059,2024-12-01,0.0,0.0,RP0059
C00059,2025-02-01,0.0,0.0,RP0059
C00059,2025-05-01,0.0,0.0,RP0059
C00059,2025-06-01,0.0,0.0,RP0059
C00059,2025-07-01,0.0,0.0,RP0059
C00059,2025-08-01,0.0,0.0,RP0059
C00059,2025-09-01,0.0,0.0,RP0059
C00059,2025-10-01,0.0,0.0,RP0059
C00059,2025-11-01,0.0,0.0,RP0059
C00059,2026-02-01,0.0,0.0,RP0059
C00059,2026-05-01,0.0,0.0,RP0059
C00059,2026-07-01,0.0,0.0,RP0059
C00060,2024-09-01,0.0,0.0,RP0060
C00060,2024-10-01,0.0,0.0,RP0060
C00060,2024-11-01,0.0,0.0,RP0060
C00060,2025-01-01,0.0,0.0,RP0060
C00060,2025-04-01,0.0,0.0,RP0060
C00060,2025-06-01,0.0,0.0,RP0060
C00060,2025-08-01,0.0,0.0,RP0060
C00060,2025-09-01,0.0,0.0,RP0060
C00060,2025-10-01,0.0,0.0,RP0060
C00060,2025-11-01,0.0,0.0,RP0060
C00060,2025-12-01,0.0,0.0,RP0060
C00060,2026-01-01,0.0,0.0,RP0060
C00060,2026-05-01,0.0,0.0,RP0060
C00060,2026-06-01,0.0,0.0,RP0060
C00060,2026-07-01,0.0,0.0,RP0060
C00061,2024-10-01,0.0,0.0,RP0061
C00061,2024-12-01,0.0,0.0,RP0061
C00061,2025-01-01,0.0,0.0,RP0061
C00061,2025-02-01,0.0,0.0,RP0061
C00061,2025-03-01,0.0,0.0,RP0061
C00061,2025-04-01,0.0,0.0,RP0061
C00061,2025-05-01,0.0,0.0,RP0061
C00061,2025-06-01,0.0,0.0,RP0061
C00061,2025-07-01,0.0,0.0,RP0061
C00061,2025-08-01,0.0,0.0,RP0061
C00061,2025-09-01,0.0,0.0,RP0061
C00061,2025-10-01,0.0,0.0,RP0061
C00061,2025-11-01,0.0,0.0,RP0061
C00061,2025-12-01,0.0,0.0,RP0061
C00061,2026-01-01,0.0,0.0,RP0061
C00061,2026-04-01,0.0,0.0,RP0061
C00061,2026-06-01,0.0,0.0,RP0061
C00061,2026-07-01,0.0,0.0,RP0061
C00062,2025-02-01,0.0,0.0,RP0062
C00062,2025-03-01,0.0,0.0,RP0062
C00062,2025-04-01,0.0,0.0,RP0062
C00062,2025-06-01,0.0,0.0,RP0062
C00062,2025-10-01,0.0,0.0,RP0062
C00062,2025-12-01,0.0,0.0,RP0062
C00062,2026-01-01,0.0,0.0,RP0062
C00062,2026-06-01,0.0,0.0,RP0062
C00062,2026-08-01,0.0,0.0,RP0062
C00063,2024-09-01,0.0,0.0,RP0063
C00063,2024-10-01,0.0,0.0,RP0063
C00063,2024-11-01,0.0,0.0,RP0063
C00063,2025-10-01,0.0,0.0,RP0063
C00063,2025-11-01,0.0,0.0,RP0063
C00063,2025-12-01,0.0,0.0,RP0063
C00063,2026-01-01,0.0,0.0,RP0063
C00063,2026-05-01,0.0,0.0,RP0063
C00063,2026-06-01,0.0,0.0,RP0063
C00063,2026-07-01,0.0,0.0,RP0063
C00063,2026-08-01,0.0,0.0,RP0063
C00064,2024-11-01,0.0,0.0,RP0064
C00064,2024-12-01,0.0,0.0,RP0064
C00064,2025-01-01,0.0,0.0,RP0064
C00064,2025-02-01,0.0,0.0,RP0064
C00064,2025-04-01,0.0,0.0,RP0064
C00064,2025-05-01,0.0,0.0,RP0064
C00064,2025-07-01,0.0,0.0,RP0064
C00064,2026-04-01,0.0,0.0,RP0064
C00064,2026-07-01,0.0,0.0,RP0064
C00065,2024-09-01,0.0,0.0,RP0065
C00065,2024-10-01,0.0,0.0,RP0065
C00065,2025-01-01,0.0,0.0,RP0065
C00065,2025-04-01,0.0,0.0,RP0065
C00065,2025-06-01,0.0,0.0,RP0065
C00065,2025-07-01,0.0,0.0,RP0065
C00065,2025-08-01,0.0,0.0,RP0065
C00065,2025-09-01,0.0,0.0,RP0065
C00065,2025-10-01,0.0,0.0,RP0065
C00065,2025-12-01,0.0,0.0,RP0065
C00065,2026-01-01,0.0,0.0,RP0065
C00065,2026-02-01,0.0,0.0,RP0065
C00065,2026-03-01,0.0,0.0,RP0065
C00065,2026-05-01,0.0,0.0,RP0065
C00065,2026-06-01,0.0,0.0,RP0065
C00065,2026-07-01,0.0,0.0,RP0065
C00066,2024-09-01,0.0,0.0,RP0066
C00066,2025-03-01,0.0,0.0,RP0066
C00066,2025-04-01,0.0,0.0,RP0066
C00066,2025-05-01,0.0,0.0,RP0066
C00066,2025-09-01,0.0,0.0,RP0066
C00066,2025-10-01,0.0,0.0,RP0066
C00066,2026-01-01,0.0,0.0,RP0066
C00066,2026-03-01,0.0,0.0,RP0066
C00066,2026-06-01,0.0,0.0,RP0066
C00066,2026-08-01,0.0,0.0,RP0066
C00067,2024-09-01,0.0,0.0,RP0067
C00067,2024-12-01,0.0,0.0,RP0067
C00067,2025-01-01,0.0,0.0,RP0067
C00067,2025-02-01,0.0,0.0,RP0067
C00067,2025-03-01,0.0,0.0,RP0067
C00067,2025-06-01,0.0,0.0,RP0067
C00067,2025-08-01,0.0,0.0,RP0067
C00067,2025-09-01,0.0,0.0,RP0067
C00067,2025-10-01,0.0,0.0,RP0067
C00067,2025-12-01,0.0,0.0,RP0067
C00067,2026-01-01,0.0,0.0,RP0067
C00067,2026-02-01,0.0,0.0,RP0067
C00067,2026-03-01,0.0,0.0,RP0067
C00067,2026-05-01,0.0,0.0,RP0067
C00067,2026-07-01,0.0,0.0,RP0067
C00067,2026-08-01,0.0,0.0,RP0067
C00068,2025-03-01,0.0,0.0,RP0068
C00068,2025-07-01,0.0,0.0,RP0068
C00068,2025-08-01,0.0,0.0,RP0068
C00068,2025-10-01,0.0,0.0,RP0068
C00068,2025-11-01,0.0,0.0,RP0068
C00068,2025-12-01,0.0,0.0,RP0068
C00068,2026-06-01,0.0,0.0,RP0068
C00068,2026-08-01,0.0,0.0,RP0068
C00069,2024-10-01,0.0,0.0,RP0069
C00069,2024-11-01,0.0,0.0,RP0069
C00069,2024-12-01,0.0,0.0,RP0069
C00069,2025-01-01,0.0,0.0,RP0069
C00069,2025-02-01,0.0,0.0,RP0069
C00069,2025-04-01,0.0,0.0,RP0069
C00069,2025-05-01,0.0,0.0,RP0069
C00069,2025-07-01,0.0,0.0,RP0069
C00069,2025-08-01,0.0,0.0,RP0069
C00069,2025-09-01,0.0,0.0,RP0069
C00069,2025-11-01,0.0,0.0,RP0069
C00069,2025-12-01,0.0,0.0,RP0069
C00069,2026-03-01,0.0,0.0,RP0069
C00069,2026-06-01,0.0,0.0,RP0069
C00070,2024-09-01,0.0,0.0,RP0070
C00070,2025-02-01,0.0,0.0,RP0070
C00070,2025-05-01,0.0,0.0,RP0070
C00070,2025-06-01,0.0,0.0,RP0070
C00070,2025-07-01,0.0,0.0,RP0070
C00070,2025-10-01,0.0,0.0,RP0070
C00070,2025-12-01,0.0,0.0,RP0070
C00070,2026-01-01,0.0,0.0,RP0070
C00070,2026-03-01,0.0,0.0,RP0070
C00070,2026-08-01,0.0,0.0,RP0070
C00071,2024-09-01,0.0,0.0,RP0071
C00071,2024-10-01,0.0,0.0,RP0071
C00071,2024-11-01,0.0,0.0,RP0071
C00071,2025-02-01,0.0,0.0,RP0071
C00071,2025-05-01,0.0,0.0,RP0071
C00071,2025-06-01,0.0,0.0,RP0071
C00071,2025-08-01,0.0,0.0,RP0071
C00071,2025-09-01,0.0,0.0,RP0071
C00071,2025-10-01,0.0,0.0,RP0071
C00071,2025-11-01,0.0,0.0,RP0071
C00071,2025-12-01,0.0,0.0,RP0071
C00071,2026-01-01,0.0,0.0,RP0071
C00071,2026-03-01,0.0,0.0,RP0071
C00071,2026-05-01,0.0,0.0,RP0071
C00071,2026-07-01,0.0,0.0,RP0071
C00072,2024-09-01,0.0,0.0,RP0072
C00072,2025-01-01,0.0,0.0,RP0072
C00072,2025-02-01,0.0,0.0,RP0072
C00072,2025-03-01,0.0,0.0,RP0072
C00072,2025-07-01,0.0,0.0,RP0072
C00072,2025-08-01,0.0,0.0,RP0072
C00072,2025-09-01,0.0,0.0,RP0072
C00072,2025-11-01,0.0,0.0,RP0072
C00072,2025-12-01,0.0,0.0,RP0072
C00072,2026-02-01,0.0,0.0,RP0072
C00072,2026-04-01,0.0,0.0,RP0072
C00072,2026-05-01,0.0,0.0,RP0072
C00072,2026-06-01,0.0,0.0,RP0072
C00072,2026-08-01,0.0,0.0,RP0072
C00073,2024-09-01,0.0,0.0,RP0073
C00073,2024-10-01,0.0,0.0,RP0073
C00073,2024-11-01,0.0,0.0,RP0073
C00073,2024-12-01,0.0,0.0,RP0073
C00073,2025-02-01,0.0,0.0,RP0073
C00073,2025-04-01,0.0,0.0,RP0073
C00073,2025-09-01,0.0,0.0,RP0073
C00073,2025-10-01,0.0,0.0,RP0073
C00073,2025-12-01,0.0,0.0,RP0073
C00073,2026-03-01,0.0,0.0,RP0073
C00073,2026-04-01,0.0,0.0,RP0073
C00073,2026-06-01,0.0,0.0,RP0073
C00074,2024-09-01,0.0,0.0,RP0074
C00074,2024-12-01,0.0,0.0,RP0074
C00074,2025-01-01,0.0,0.0,RP0074
C00074,2025-04-01,0.0,0.0,RP0074
C00074,2025-05-01,0.0,0.0,RP0074
C00074,2025-06-01,0.0,0.0,RP0074
C00074,2025-08-01,0.0,0.0,RP0074
C00074,2025-12-01,0.0,0.0,RP0074
C00074,2026-01-01,0.0,0.0,RP0074
C00074,2026-03-01,0.0,0.0,RP0074
C00074,2026-04-01,0.0,0.0,RP0074
C00074,2026-06-01,0.0,0.0,RP0074
C00074,2026-08-01,0.0,0.0,RP0074
C00075,2024-09-01,0.0,0.0,RP0075
C00075,2024-10-01,0.0,0.0,RP0075
C00075,2024-11-01,0.0,0.0,RP0075
C00075,2025-02-01,0.0,0.0,RP0075
C00075,2025-08-01,0.0,0.0,RP0075
C00075,2025-12-01,0.0,0.0,RP0075
C00075,2026-01-01,0.0,0.0,RP0075
C00075,2026-04-01,0.0,0.0,RP0075
C00075,2026-05-01,0.0,0.0,RP0075
C00075,2026-06-01,0.0,0.0,RP0075
C00075,2026-07-01,0.0,0.0,RP0075
C00075,2026-08-01,0.0,0.0,RP0075
C00076,2024-11-01,0.0,0.0,RP0076
C00076,2025-01-01,0.0,0.0,RP0076
C00076,2025-03-01,0.0,0.0,RP0076
C00076,2025-04-01,0.0,0.0,RP0076
C00076,2025-07-01,0.0,0.0,RP0076
C00076,2025-08-01,0.0,0.0,RP0076
C00076,2025-09-01,0.0,0.0,RP0076
C00076,2025-12-01,0.0,0.0,RP0076
C00076,2026-01-01,0.0,0.0,RP0076
C00076,2026-04-01,0.0,0.0,RP0076
C00076,2026-05-01,0.0,0.0,RP0076
C00076,2026-06-01,0.0,0.0,RP0076
C00076,2026-07-01,0.0,0.0,RP0076
C00077,2024-12-01,0.0,0.0,RP0077
C00077,2025-03-01,0.0,0.0,RP0077
C00077,2025-06-01,0.0,0.0,RP0077
C00077,2025-07-01,0.0,0.0,RP0077
C00077,2025-09-01,0.0,0.0,RP0077
C00077,2025-10-01,0.0,0.0,RP0077
C00077,2025-11-01,0.0,0.0,RP0077
C00077,2026-02-01,0.0,0.0,RP0077
C00077,2026-04-01,0.0,0.0,RP0077
C00077,2026-07-01,0.0,0.0,RP0077
C00078,2024-10-01,0.0,0.0,RP0078
C00078,2024-11-01,0.0,0.0,RP0078
C00078,2024-12-01,0.0,0.0,RP0078
C00078,2025-01-01,0.0,0.0,RP0078
C00078,2025-03-01,0.0,0.0,RP0078
C00078,2025-04-01,0.0,0.0,RP0078
C00078,2025-08-01,0.0,0.0,RP0078
C00078,2025-09-01,0.0,0.0,RP0078
C00078,2025-10-01,0.0,0.0,RP0078
C00078,2025-11-01,0.0,0.0,RP0078
C00078,2026-01-01,0.0,0.0,RP0078
C00078,2026-07-01,0.0,0.0,RP0078
C00079,2024-10-01,0.0,0.0,RP0079
C00079,2024-11-01,0.0,0.0,RP0079
C00079,2025-01-01,0.0,0.0,RP0079
C00079,2025-02-01,0.0,0.0,RP0079
C00079,2025-05-01,0.0,0.0,RP0079
C00079,2025-06-01,0.0,0.0,RP0079
C00079,2025-07-01,0.0,0.0,RP0079
C00079,2025-08-01,0.0,0.0,RP0079
C00079,2025-10-01,0.0,0.0,RP0079
C00079,2025-11-01,0.0,0.0,RP0079
C00079,2025-12-01,0.0,0.0,RP0079
C00079,2026-01-01,0.0,0.0,RP0079
C00079,2026-02-01,0.0,0.0,RP0079
C00079,2026-04-01,0.0,0.0,RP0079
C00079,2026-07-01,0.0,0.0,RP0079
C00080,2024-10-01,0.0,0.0,RP0080
C00080,2024-11-01,0.0,0.0,RP0080
C00080,2025-03-01,0.0,0.0,RP0080
C00080,2025-04-01,0.0,0.0,RP0080
C00080,2025-05-01,0.0,0.0,RP0080
C00080,2025-06-01,0.0,0.0,RP0080
C00080,2025-07-01,0.0,0.0,RP0080
C00080,2025-08-01,0.0,0.0,RP0080
C00080,2025-11-01,0.0,0.0,RP0080
C00080,2025-12-01,0.0,0.0,RP0080
C00080,2026-01-01,0.0,0.0,RP0080
C00080,2026-02-01,0.0,0.0,RP0080
C00080,2026-05-01,0.0,0.0,RP0080
C00081,2024-11-01,0.0,0.0,RP0081
C00081,2025-02-01,0.0,0.0,RP0081
C00081,2025-04-01,0.0,0.0,RP0081
C00081,2025-05-01,0.0,0.0,RP0081
C00081,2025-08-01,0.0,0.0,RP0081
C00081,2025-10-01,0.0,0.0,RP0081
C00081,2025-11-01,0.0,0.0,RP0081
C00081,2026-04-01,0.0,0.0,RP0081
C00081,2026-05-01,0.0,0.0,RP0081
C00081,2026-06-01,0.0,0.0,RP0081
C00081,2026-07-01,0.0,0.0,RP0081
C00082,2024-10-01,0.0,0.0,RP0082
C00082,2024-11-01,0.0,0.0,RP0082
C00082,2025-01-01,0.0,0.0,RP0082
C00082,2025-02-01,0.0,0.0,RP0082
C00082,2025-03-01,0.0,0.0,RP0082
C00082,2025-04-01,0.0,0.0,RP0082
C00082,2025-07-01,0.0,0.0,RP0082
C00082,2025-08-01,0.0,0.0,RP0082
C00082,2025-10-01,0.0,0.0,RP0082
C00082,2026-02-01,0.0,0.0,RP0082
C00082,2026-03-01,0.0,0.0,RP0082
C00082,2026-04-01,0.0,0.0,RP0082
C00082,2026-05-01,0.0,0.0,RP0082
C00082,2026-06-01,0.0,0.0,RP0082
C00082,2026-08-01,0.0,0.0,RP0082
C00083,2024-10-01,0.0,0.0,RP0083
C00083,2024-12-01,0.0,0.0,RP0083
C00083,2025-01-01,0.0,0.0,RP0083
C00083,2025-02-01,0.0,0.0,RP0083
C00083,2025-05-01,0.0,0.0,RP0083
C00083,2025-10-01,0.0,0.0,RP0083
C00083,2025-12-01,0.0,0.0,RP0083
C00083,2026-03-01,0.0,0.0,RP0083
C00083,2026-04-01,0.0,0.0,RP0083
C00083,2026-06-01,0.0,0.0,RP0083
C00083,2026-07-01,0.0,0.0,RP0083
C00083,2026-08-01,0.0,0.0,RP0083
C00084,2024-09-01,0.0,0.0,RP0084
C00084,2024-10-01,0.0,0.0,RP0084
C00084,2024-12-01,0.0,0.0,RP0084
C00084,2025-01-01,0.0,0.0,RP0084
C00084,2025-02-01,0.0,0.0,RP0084
C00084,2025-04-01,0.0,0.0,RP0084
C00084,2025-10-01,0.0,0.0,RP0084
C00084,2026-02-01,0.0,0.0,RP0084
C00084,2026-03-01,0.0,0.0,RP0084
C00084,2026-04-01,0.0,0.0,RP0084
C00084,2026-05-01,0.0,0.0,RP0084
C00084,2026-06-01,0.0,0.0,RP0084
C00084,2026-07-01,0.0,0.0,RP0084
C00085,2024-10-01,0.0,0.0,RP0085
C00085,2024-11-01,0.0,0.0,RP0085
C00085,2025-03-01,0.0,0.0,RP0085
C00085,2025-08-01,0.0,0.0,RP0085
C00085,2025-10-01,0.0,0.0,RP0085
C00085,2025-11-01,0.0,0.0,RP0085
C00085,2026-02-01,0.0,0.0,RP0085
C00085,2026-03-01,0.0,0.0,RP0085
C00085,2026-04-01,0.0,0.0,RP0085
C00085,2026-05-01,0.0,0.0,RP0085
C00086,2024-09-01,0.0,0.0,RP0086
C00086,2024-10-01,0.0,0.0,RP0086
C00086,2024-12-01,0.0,0.0,RP0086
C00086,2025-01-01,0.0,0.0,RP0086
C00086,2025-02-01,0.0,0.0,RP0086
C00086,2025-03-01,0.0,0.0,RP0086
C00086,2025-04-01,0.0,0.0,RP0086
C00086,2025-05-01,0.0,0.0,RP0086
C00086,2025-07-01,0.0,0.0,RP0086
C00086,2025-12-01,0.0,0.0,RP0086
C00086,2026-03-01,0.0,0.0,RP0086
C00086,2026-04-01,0.0,0.0,RP0086
C00086,2026-05-01,0.0,0.0,RP0086
C00086,2026-06-01,0.0,0.0,RP0086
C00086,2026-07-01,0.0,0.0,RP0086
C00087,2024-10-01,0.0,0.0,RP0087
C00087,2025-01-01,0.0,0.0,RP0087
C00087,2025-05-01,0.0,0.0,RP0087
C00087,2025-06-01,0.0,0.0,RP0087
C00087,2025-08-01,0.0,0.0,RP0087
C00087,2025-09-01,0.0,0.0,RP0087
C00087,2025-11-01,0.0,0.0,RP0087
C00087,2025-12-01,0.0,0.0,RP0087
C00087,2026-04-01,0.0,0.0,RP0087
C00087,2026-05-01,0.0,0.0,RP0087
C00087,2026-06-01,0.0,0.0,RP0087
C00088,2024-09-01,0.0,0.0,RP0088
C00088,2024-10-01,0.0,0.0,RP0088
C00088,2024-12-01,0.0,0.0,RP0088
C00088,2025-02-01,0.0,0.0,RP0088
C00088,2025-03-01,0.0,0.0,RP0088
C00088,2025-04-01,0.0,0.0,RP0088
C00088,2025-06-01,0.0,0.0,RP0088
C00088,2025-08-01,0.0,0.0,RP0088
C00088,2025-09-01,0.0,0.0,RP0088
C00088,2025-10-01,0.0,0.0,RP0088
C00088,2025-11-01,0.0,0.0,RP0088
C00088,2025-12-01,0.0,0.0,RP0088
C00088,2026-03-01,0.0,0.0,RP0088
C00088,2026-04-01,0.0,0.0,RP0088
C00088,2026-05-01,0.0,0.0,RP0088
C00088,2026-07-01,0.0,0.0,RP0088
C00088,2026-08-01,0.0,0.0,RP0088
C00089,2024-12-01,0.0,0.0,RP0089
C00089,2025-02-01,0.0,0.0,RP0089
C00089,2025-03-01,0.0,0.0,RP0089
C00089,2025-05-01,0.0,0.0,RP0089
C00089,2025-11-01,0.0,0.0,RP0089
C00089,2025-12-01,0.0,0.0,RP0089
C00089,2026-01-01,0.0,0.0,RP0089
C00089,2026-04-01,0.0,0.0,RP0089
C00089,2026-05-01,0.0,0.0,RP0089
C00089,2026-07-01,0.0,0.0,RP0089
C00089,2026-08-01,0.0,0.0,RP0089
C00090,2024-09-01,0.0,0.0,RP0090
C00090,2024-10-01,0.0,0.0,RP0090
C00090,2024-12-01,0.0,0.0,RP0090
C00090,2025-03-01,0.0,0.0,RP0090
C00090,2025-07-01,0.0,0.0,RP0090
C00090,2025-09-01,0.0,0.0,RP0090
C00090,2025-10-01,0.0,0.0,RP0090
C00090,2026-02-01,0.0,0.0,RP0090
C00090,2026-03-01,0.0,0.0,RP0090
C00090,2026-04-01,0.0,0.0,RP0090
C00090,2026-05-01,0.0,0.0,RP0090
C00090,2026-06-01,0.0,0.0,RP0090
C00091,2024-10-01,0.0,0.0,RP0091
C00091,2024-11-01,0.0,0.0,RP0091
C00091,2025-01-01,0.0,0.0,RP0091
C00091,2025-03-01,0.0,0.0,RP0091
C00091,2025-04-01,0.0,0.0,RP0091
C00091,2025-06-01,0.0,0.0,RP0091
C00091,2025-07-01,0.0,0.0,RP0091
C00091,2025-08-01,0.0,0.0,RP0091
C00091,2025-09-01,0.0,0.0,RP0091
C00091,2025-10-01,0.0,0.0,RP0091
C00091,2025-12-01,0.0,0.0,RP0091
C00091,2026-01-01,0.0,0.0,RP0091
C00091,2026-02-01,0.0,0.0,RP0091
C00091,2026-05-01,0.0,0.0,RP0091
C00092,2024-09-01,0.0,0.0,RP0092
C00092,2025-01-01,0.0,0.0,RP0092
C00092,2025-04-01,0.0,0.0,RP0092
C00092,2025-05-01,0.0,0.0,RP0092
C00092,2025-08-01,0.0,0.0,RP0092
C00092,2025-09-01,0.0,0.0,RP0092
C00092,2026-02-01,0.0,0.0,RP0092
C00092,2026-04-01,0.0,0.0,RP0092
C00092,2026-05-01,0.0,0.0,RP0092
C00092,2026-06-01,0.0,0.0,RP0092
C00092,2026-07-01,0.0,0.0,RP0092
C00093,2024-10-01,0.0,0.0,RP0093
C00093,2025-01-01,0.0,0.0,RP0093
C00093,2025-02-01,0.0,0.0,RP0093
C00093,2025-04-01,0.0,0.0,RP0093
C00093,2025-06-01,0.0,0.0,RP0093
C00093,2025-07-01,0.0,0.0,RP0093
C00093,2025-08-01,0.0,0.0,RP0093
C00093,2025-09-01,0.0,0.0,RP0093
C00093,2025-10-01,0.0,0.0,RP0093
C00093,2025-11-01,0.0,0.0,RP0093
C00093,2025-12-01,0.0,0.0,RP0093
C00093,2026-01-01,0.0,0.0,RP0093
C00093,2026-03-01,0.0,0.0,RP0093
C00093,2026-04-01,0.0,0.0,RP0093
C00093,2026-06-01,0.0,0.0,RP0093
C00093,2026-07-01,0.0,0.0,RP0093
C00094,2024-11-01,0.0,0.0,RP0094
C00094,2025-03-01,0.0,0.0,RP0094
C00094,2025-07-01,0.0,0.0,RP0094
C00094,2025-09-01,0.0,0.0,RP0094
C00094,2025-10-01,0.0,0.0,RP0094
C00094,2025-11-01,0.0,0.0,RP0094
C00094,2025-12-01,0.0,0.0,RP0094
C00094,2026-01-01,0.0,0.0,RP0094
C00094,2026-03-01,0.0,0.0,RP0094
C00094,2026-04-01,0.0,0.0,RP0094
C00094,2026-08-01,0.0,0.0,RP0094
C00095,2024-10-01,0.0,0.0,RP0095
C00095,2024-12-01,0.0,0.0,RP0095
C00095,2025-02-01,0.0,0.0,RP0095
C00095,2025-03-01,0.0,0.0,RP0095
C00095,2025-06-01,0.0,0.0,RP0095
C00095,2025-07-01,0.0,0.0,RP0095
C00095,2025-08-01,0.0,0.0,RP0095
C00095,2025-11-01,0.0,0.0,RP0095
C00095,2026-02-01,0.0,0.0,RP0095
C00095,2026-03-01,0.0,0.0,RP0095
C00095,2026-05-01,0.0,0.0,RP0095
C00095,2026-08-01,0.0,0.0,RP0095
C00096,2024-12-01,0.0,0.0,RP0096
C00096,2025-02-01,0.0,0.0,RP0096
C00096,2025-03-01,0.0,0.0,RP0096
C00096,2025-05-01,0.0,0.0,RP0096
C00096,2025-07-01,0.0,0.0,RP0096
C00096,2025-08-01,0.0,0.0,RP0096
C00096,2025-09-01,0.0,0.0,RP0096
C00096,2026-01-01,0.0,0.0,RP0096
C00096,2026-02-01,0.0,0.0,RP0096
C00096,2026-03-01,0.0,0.0,RP0096
C00096,2026-04-01,0.0,0.0,RP0096
C00097,2024-09-01,0.0,0.0,RP0097
C00097,2024-10-01,0.0,0.0,RP0097
C00097,2024-11-01,0.0,0.0,RP0097
C00097,2024-12-01,0.0,0.0,RP0097
C00097,2025-01-01,0.0,0.0,RP0097
C00097,2025-02-01,0.0,0.0,RP0097
C00097,2025-03-01,0.0,0.0,RP0097
C00097,2025-05-01,0.0,0.0,RP0097
C00097,2025-06-01,0.0,0.0,RP0097
C00097,2025-08-01,0.0,0.0,RP0097
C00097,2025-09-01,0.0,0.0,RP0097
C00097,2025-12-01,0.0,0.0,RP0097
C00097,2026-04-01,0.0,0.0,RP0097
C00097,2026-05-01,0.0,0.0,RP0097
C00097,2026-06-01,0.0,0.0,RP0097
C00098,2024-10-01,0.0,0.0,RP0098
C00098,2025-01-01,0.0,0.0,RP0098
C00098,2025-03-01,0.0,0.0,RP0098
C00098,2025-08-01,0.0,0.0,RP0098
C00098,2025-09-01,0.0,0.0,RP0098
C00098,2025-10-01,0.0,0.0,RP0098
C00098,2025-11-01,0.0,0.0,RP0098
C00098,2026-01-01,0.0,0.0,RP0098
C00098,2026-02-01,0.0,0.0,RP0098
C00098,2026-05-01,0.0,0.0,RP0098
C00099,2024-09-01,0.0,0.0,RP0099
C00099,2024-12-01,0.0,0.0,RP0099
C00099,2025-01-01,0.0,0.0,RP0099
C00099,2025-05-01,0.0,0.0,RP0099
C00099,2025-06-01,0.0,0.0,RP0099
C00099,2025-09-01,0.0,0.0,RP0099
C00099,2025-11-01,0.0,0.0,RP0099
C00099,2026-04-01,0.0,0.0,RP0099
C00099,2026-05-01,0.0,0.0,RP0099
C00099,2026-06-01,0.0,0.0,RP0099
C00100,2024-11-01,0.0,0.0,RP0100
C00100,2025-03-01,0.0,0.0,RP0100
C00100,2025-04-01,0.0,0.0,RP0100
C00100,2025-06-01,0.0,0.0,RP0100
C00100,2025-12-01,0.0,0.0,RP0100
C00100,2026-01-01,0.0,0.0,RP0100
C00100,2026-02-01,0.0,0.0,RP0100
C00100,2026-06-01,0.0,0.0,RP0100
C00100,2026-07-01,0.0,0.0,RP0100
C00101,2024-09-01,0.0,0.0,RP0101
C00101,2024-10-01,0.0,0.0,RP0101
C00101,2025-01-01,0.0,0.0,RP0101
C00101,2025-02-01,0.0,0.0,RP0101
C00101,2025-03-01,0.0,0.0,RP0101
C00101,2025-05-01,0.0,0.0,RP0101
C00101,2025-07-01,0.0,0.0,RP0101
C00101,2025-08-01,0.0,0.0,RP0101
C00101,2025-11-01,0.0,0.0,RP0101
C00101,2026-01-01,0.0,0.0,RP0101
C00101,2026-02-01,0.0,0.0,RP0101
C00101,2026-04-01,0.0,0.0,RP0101
C00101,2026-05-01,0.0,0.0,RP0101
C00101,2026-06-01,0.0,0.0,RP0101
C00101,2026-07-01,0.0,0.0,RP0101
C00102,2024-10-01,0.0,0.0,RP0102
C00102,2025-01-01,0.0,0.0,RP0102
C00102,2025-07-01,0.0,0.0,RP0102
C00102,2025-08-01,0.0,0.0,RP0102
C00102,2026-01-01,0.0,0.0,RP0102
C00102,2026-02-01,0.0,0.0,RP0102
C00102,2026-06-01,0.0,0.0,RP0102
C00102,2026-08-01,0.0,0.0,RP0102
C00103,2024-11-01,0.0,0.0,RP0103
C00103,2024-12-01,0.0,0.0,RP0103
C00103,2025-01-01,0.0,0.0,RP0103
C00103,2025-02-01,0.0,0.0,RP0103
C00103,2025-04-01,0.0,0.0,RP0103
C00103,2025-05-01,0.0,0.0,RP0103
C00103,2025-06-01,0.0,0.0,RP0103
C00103,2025-08-01,0.0,0.0,RP0103
C00103,2025-10-01,0.0,0.0,RP0103
C00103,2025-11-01,0.0,0.0,RP0103
C00103,2025-12-01,0.0,0.0,RP0103
C00103,2026-01-01,0.0,0.0,RP0103
C00103,2026-04-01,0.0,0.0,RP0103
C00103,2026-05-01,0.0,0.0,RP0103
C00103,2026-06-01,0.0,0.0,RP0103
C00104,2024-09-01,0.0,0.0,RP0104
C00104,2024-10-01,0.0,0.0,RP0104
C00104,2024-11-01,0.0,0.0,RP0104
C00104,2025-03-01,0.0,0.0,RP0104
C00104,2025-04-01,0.0,0.0,RP0104
C00104,2025-10-01,0.0,0.0,RP0104
C00104,2026-01-01,0.0,0.0,RP0104
C00104,2026-02-01,0.0,0.0,RP0104
C00104,2026-03-01,0.0,0.0,RP0104
C00104,2026-05-01,0.0,0.0,RP0104
C00105,2024-09-01,0.0,0.0,RP0105
C00105,2024-10-01,0.0,0.0,RP0105
C00105,2024-11-01,0.0,0.0,RP0105
C00105,2024-12-01,0.0,0.0,RP0105
C00105,2025-01-01,0.0,0.0,RP0105
C00105,2025-02-01,0.0,0.0,RP0105
C00105,2025-04-01,0.0,0.0,RP0105
C00105,2025-06-01,0.0,0.0,RP0105
C00105,2025-08-01,0.0,0.0,RP0105
C00105,2025-10-01,0.0,0.0,RP0105
C00105,2025-11-01,0.0,0.0,RP0105
C00105,2026-02-01,0.0,0.0,RP0105
C00105,2026-08-01,0.0,0.0,RP0105
C00106,2024-11-01,0.0,0.0,RP0106
C00106,2024-12-01,0.0,0.0,RP0106
C00106,2025-01-01,0.0,0.0,RP0106
C00106,2025-02-01,0.0,0.0,RP0106
C00106,2025-03-01,0.0,0.0,RP0106
C00106,2025-04-01,0.0,0.0,RP0106
C00106,2025-05-01,0.0,0.0,RP0106
C00106,2025-06-01,0.0,0.0,RP0106
C00106,2025-07-01,0.0,0.0,RP0106
C00106,2025-08-01,0.0,0.0,RP0106
C00106,2025-11-01,0.0,0.0,RP0106
C00106,2026-01-01,0.0,0.0,RP0106
C00106,2026-02-01,0.0,0.0,RP0106
C00106,2026-05-01,0.0,0.0,RP0106
C00106,2026-06-01,0.0,0.0,RP0106
C00106,2026-07-01,0.0,0.0,RP0106
C00107,2024-09-01,0.0,0.0,RP0107
C00107,2024-10-01,0.0,0.0,RP0107
C00107,2024-12-01,0.0,0.0,RP0107
C00107,2025-05-01,0.0,0.0,RP0107
C00107,2025-07-01,0.0,0.0,RP0107
C00107,2025-09-01,0.0,0.0,RP0107
C00107,2025-12-01,0.0,0.0,RP0107
C00107,2026-05-01,0.0,0.0,RP0107
C00107,2026-06-01,0.0,0.0,RP0107
C00107,2026-07-01,0.0,0.0,RP0107
C00107,2026-08-01,0.0,0.0,RP0107
C00108,2025-09-01,0.0,0.0,RP0108
C00108,2026-01-01,0.0,0.0,RP0108
C00108,2026-02-01,0.0,0.0,RP0108
C00108,2026-05-01,0.0,0.0,RP0108
C00108,2026-06-01,0.0,0.0,RP0108
C00108,2026-07-01,0.0,0.0,RP0108
C00109,2024-09-01,0.0,0.0,RP0109
C00109,2024-10-01,0.0,0.0,RP0109
C00109,2024-11-01,0.0,0.0,RP0109
C00109,2025-03-01,0.0,0.0,RP0109
C00109,2025-07-01,0.0,0.0,RP0109
C00109,2025-11-01,0.0,0.0,RP0109
C00109,2026-01-01,0.0,0.0,RP0109
C00109,2026-02-01,0.0,0.0,RP0109
C00109,2026-04-01,0.0,0.0,RP0109
C00109,2026-05-01,0.0,0.0,RP0109
C00110,2024-11-01,0.0,0.0,RP0110
C00110,2025-01-01,0.0,0.0,RP0110
C00110,2025-03-01,0.0,0.0,RP0110
C00110,2025-04-01,0.0,0.0,RP0110
C00110,2025-05-01,0.0,0.0,RP0110
C00110,2025-12-01,0.0,0.0,RP0110
C00110,2026-01-01,0.0,0.0,RP0110
C00111,2024-10-01,0.0,0.0,RP0111
C00111,2024-11-01,0.0,0.0,RP0111
C00111,2025-03-01,0.0,0.0,RP0111
C00111,2025-05-01,0.0,0.0,RP0111
C00111,2025-07-01,0.0,0.0,RP0111
C00111,2026-04-01,0.0,0.0,RP0111
C00112,2025-04-01,0.0,0.0,RP0112
C00112,2025-06-01,0.0,0.0,RP0112
C00112,2026-02-01,0.0,0.0,RP0112
C00112,2026-04-01,0.0,0.0,RP0112
C00113,2025-03-01,0.0,0.0,RP0113
C00113,2025-06-01,0.0,0.0,RP0113
C00113,2025-07-01,0.0,0.0,RP0113
C00113,2025-11-01,0.0,0.0,RP0113
C00113,2025-12-01,0.0,0.0,RP0113
C00113,2026-01-01,0.0,0.0,RP0113
C00113,2026-02-01,0.0,0.0,RP0113
C00113,2026-07-01,0.0,0.0,RP0113
C00113,2026-08-01,0.0,0.0,RP0113
C00114,2024-09-01,0.0,0.0,RP0114
C00114,2024-11-01,0.0,0.0,RP0114
C00114,2024-12-01,0.0,0.0,RP0114
C00114,2025-02-01,0.0,0.0,RP0114
C00114,2025-04-01,0.0,0.0,RP0114
C00114,2025-11-01,0.0,0.0,RP0114
C00114,2025-12-01,0.0,0.0,RP0114
C00114,2026-03-01,0.0,0.0,RP0114
C00114,2026-07-01,0.0,0.0,RP0114
C00115,2024-09-01,0.0,0.0,RP0115
C00115,2024-10-01,0.0,0.0,RP0115
C00115,2024-12-01,0.0,0.0,RP0115
C00115,2025-01-01,0.0,0.0,RP0115
C00115,2025-05-01,0.0,0.0,RP0115
C00115,2025-10-01,0.0,0.0,RP0115
C00115,2025-11-01,0.0,0.0,RP0115
C00115,2025-12-01,0.0,0.0,RP0115
C00115,2026-05-01,0.0,0.0,RP0115
C00115,2026-06-01,0.0,0.0,RP0115
C00115,2026-08-01,0.0,0.0,RP0115
C00116,2024-09-01,0.0,0.0,RP0116
C00116,2024-10-01,0.0,0.0,RP0116
C00116,2024-11-01,0.0,0.0,RP0116
C00116,2025-02-01,0.0,0.0,RP0116
C00116,2025-03-01,0.0,0.0,RP0116
C00116,2025-04-01,0.0,0.0,RP0116
C00116,2025-06-01,0.0,0.0,RP0116
C00116,2025-08-01,0.0,0.0,RP0116
C00116,2025-09-01,0.0,0.0,RP0116
C00116,2025-11-01,0.0,0.0,RP0116
C00116,2026-01-01,0.0,0.0,RP0116
C00116,2026-03-01,0.0,0.0,RP0116
C00116,2026-04-01,0.0,0.0,RP0116
C00116,2026-05-01,0.0,0.0,RP0116
C00116,2026-06-01,0.0,0.0,RP0116
C00116,2026-08-01,0.0,0.0,RP0116
C00117,2024-10-01,0.0,0.0,RP0117
C00117,2024-11-01,0.0,0.0,RP0117
C00117,2025-04-01,0.0,0.0,RP0117
C00117,2025-05-01,0.0,0.0,RP0117
C00117,2025-08-01,0.0,0.0,RP0117
C00117,2025-09-01,0.0,0.0,RP0117
C00117,2025-10-01,0.0,0.0,RP0117
C00117,2026-01-01,0.0,0.0,RP0117
C00117,2026-02-01,0.0,0.0,RP0117
C00117,2026-03-01,0.0,0.0,RP0117
C00117,2026-04-01,0.0,0.0,RP0117
C00117,2026-05-01,0.0,0.0,RP0117
C00118,2024-12-01,0.0,0.0,RP0118
C00118,2025-01-01,0.0,0.0,RP0118
C00118,2025-07-01,0.0,0.0,RP0118
C00118,2025-09-01,0.0,0.0,RP0118
C00118,2025-10-01,0.0,0.0,RP0118
C00118,2025-11-01,0.0,0.0,RP0118
C00118,2026-02-01,0.0,0.0,RP0118
C00118,2026-03-01,0.0,0.0,RP0118
C00118,2026-04-01,0.0,0.0,RP0118
C00119,2024-10-01,0.0,0.0,RP0119
C00119,2025-01-01,0.0,0.0,RP0119
C00119,2025-04-01,0.0,0.0,RP0119
C00119,2025-05-01,0.0,0.0,RP0119
C00119,2025-07-01,0.0,0.0,RP0119
C00119,2025-08-01,0.0,0.0,RP0119
C00119,2025-09-01,0.0,0.0,RP0119
C00119,2025-11-01,0.0,0.0,RP0119
C00119,2026-02-01,0.0,0.0,RP0119
C00119,2026-03-01,0.0,0.0,RP0119
C00119,2026-05-01,0.0,0.0,RP0119
C00120,2025-01-01,0.0,0.0,RP0120
C00120,2025-02-01,0.0,0.0,RP0120
C00120,2025-04-01,0.0,0.0,RP0120
C00120,2026-01-01,0.0,0.0,RP0120
C00120,2026-07-01,0.0,0.0,RP0120
